card_id,image_id_r,name,name_read,sex,character_id,stone,comment,skill_name,rank
1,f247,暁 宗谷,アカツキ ソウヤ,male,1,ガーネット,石を浄化して回ってるってのはお前か？やるなぁ！俺も手伝わせてくれよ。みんなのためなら俺だってさ！,,1
2,none,柘 勇作,ツゲ ユウサク,male,2,ガーネット,私立探偵をやってる柘ってもんだ。捜し物中に世界の裏側を見つける事になるとは思わんかったよ。暫く一緒にいていいか？旅は道連れ世は情けって言うだろ？,,1
3,f243,鳥谷 茜,トリヤ アカネ,female,3,ガーネット,うわあ！？なに、なんなの？セイホウセキ？いやいや、意味わかんないし。異世界ってそんな…あ、ちょっとまってよ！置いてかないでー,,3
4,none,御神 朱奈,ミカミ アケナ,female,4,ガーネット,私は御神朱奈、警察よ。ほらコレ手帳。あ、別に構えないでね！こんな所で銃刀法違反なんて言わないから。だって世界を浄化するんでしょう？私も手伝うわ！良いわよね？,,3
5,f292,紫上 鏡一,シガミ キョウイチ,male,5,アメジスト,路地裏が異世界に繋がっているとは【神隠し】の正体はこれか。…君は慣れた様子だな？学生達を見なかったか？私は紫上、教師をしている。子供達の元へ案内してくれないだろうか？,,1
6,f033,後藤田 蒼紫,ゴトウダ アオシ,male,6,アメジスト,石の謎を追ってはいたがまさか異世界とはな。未知は今だ広がりその全貌は尾も見えずか。素晴らしい！君はワシのメフィストフェレスか？この好奇を満たしてくれるのならば、如何なる誘いにも乗るぞ！クカカカ！,,3
7,f145,紫水 塔子,シスイ トウコ,female,7,アメジスト,すごい、月が2個あるぞ！しかも近くに見えないか？ニュートン力学？なにそれ？って風情だなぁ。科学者魂が燃えるわ！よし行くぞ助手！あれ？何処行ったんだ？助手？…まあいいか！,,3
8,f165,辻村 咲希,ツジムラ サキ,female,8,アメジスト,私、地下鉄に乗った筈よ。これって白昼夢…ではないわね。携帯は電波ナシ。時計も狂ってるわね。うーんアサイチで会議なのに、せめて連絡だけでも取らないと。ねえあなた、帰る方法知ってる？,,3
9,f326,雨宮 優羽,アマミヤ ユウ,male,9,アクアマリン,ねえ君！に、人間だよね？生徒達を見なかったかい？こんな場所ではぐれてしまったんだ…ああ心配だよ…。え？はぐれたのはお前の方じゃないかって？そ、そんな、ばかな,,1
10,f328,花織 雫,カオリ シズク,female,10,アクアマリン,やあやあ！わたしは雫だよ。こんにちはっ！何とね、わたし、迷子のようなのです。ババーン！参ったね！というわけで、あなたに付いていくからね。よろしくっ！問答無用だぜー,,1
11,f083,水代 香蓮,ミズシロ カレン,female,11,アクアマリン,ねぇねぇ、私の幼馴染を見なかったかしら？　ちょっと可愛い男の子2人なんだけど……。一緒に　探してくれたら、嬉しいな。ちょっと心細いし。ねぇ、ダメかしら？,,3
12,f095,赤松 重吾,アカマツ ジュウゴ,male,12,コーラル,すまねえッ！！！俺っちは反省した！これからは心を入れ替えて、世のため人のため働く！だからこの俺を仲間に入れてくれよ。な？頼むわ！マジで！,,3
13,f318,赤石 斗真,アカイシ トウマ,male,13,コーラル,いやはや凄い場所だねここは！企画アイディアの宝庫じゃないか！君がリーダーかい？僕は赤石斗真、しがないサラリーマンさ。ん？これかい？ふふ、我が社の目玉商品さ！,,3
14,f251,柏木 珊瑚,カシワギ サンゴ,female,14,コーラル,バカ重吾〜！まったく、あいつ、どこに行ったんだか…。はぁ〜ぁ…。私、柏木珊瑚っていうんですけど、幼馴染が見つかるまで、一緒に居させてもらっていいですか？,,3
15,f108,斑 王石,マダラ オウシ,male,15,ブラッドストーン,…俺はＴＡＧＵＮのボーカリスト。斑王石。俺たちは迷える子羊達のために歌っていた…すると異次元の扉が開き、気づけばこうだ。…正直、迷っているのも困っているのも、俺だ,,1
16,none,契 千鶴,チギリ チズル,female,16,ブラッドストーン,私は契千鶴…あっ、あまり近づかないでください……！私の中に眠るアイツが…！目覚めてしまう。ブラッドミストッお願い、静まって……！　,,3
17,none,皇 光,スメラギ ヒカル,male,17,ダイヤモンド,やあ、君がジュエルマスターだね？僕は皇光。ダイヤモンドに選ばれた人間さ。僕と手を組まないか？世界を救うには、力を持つもの同士の協力が必要不可欠だ。そうだろう？,,3
18,f081,三輝 栄太郎,ミキ エイタロウ,male,18,ダイヤモンド,敵キャラクターのために台詞無し。国会議員。国家予算に介入しLmesのスポンサーとなった,,3
19,f015,金剛寺 貴南,コンゴウジ タカナ,female,19,ダイヤモンド,貴方がジュエルマスター？世界を救おうだなんて、夢みたいな事を言うのね。…でも退屈しなさそうね。私も手伝わせてもらうわ。貴方が思っているより使えるわよ？,,3
20,f298,見嶋 千里,ミシマ センリ,male,20,ロッククリスタル,なーなー、アンタがジュエルマスターだろ？知ってるぜ、酔狂なヤツだよなぁ。面白いよなぁ。俺を仲間に入れたらさぁ、色々教えてやれるぜぇ？色々さぁ、ヒヒッハハ！,,1
21,f332,国代 伊依,クニシロ イヨリ,female,21,ロッククリスタル,状況を　分析。呼吸体感に　問題無し。しかし　通常の空間とは明確に異なります。　ですが伊依の精神は　安定しています。理由は不明。…貴方にはその　理由が分かりますか？,,3
22,f235,真宵 星加,マヨイ ホシカ,female,22,ロッククリスタル,名乗らずとも分かります…。貴方は星を育む者ですね。この閉じた目も貴方の光を強く感じていました。私の名前は真宵星加。このクリスタルの導きに従い、貴方の旅に付いてゆきます,,3
23,f249,風間 葉一,カザマ ヨウイチ,male,23,エメラルド,おーい！貴方達も迷ったんですか？一緒に帰る方法を探しません？…えっ世界を浄化？ハハハ冗談っすよね…俺が戦士なんて…マジで？,,1
24,f019,美鳥 宗助,ミトリ ソウスケ,male,24,エメラルド,私は美鳥宗助。地質調査中に突然世界が変わってしまいほとほと困っていたんだ。申し訳ないが同行しても構わないかな？…それにしても、興味深い場所だね、ここは…。,,1
25,none,翠泉 美門,スイセン ミカド,male,25,翡翠,不思議な場所ね。美妃はここに居るのかしら…？私の名前は翠泉美門。助けが必要なら手伝って差し上げても良くってよ？こう見えても戦う事には自信があるのよ,,3
26,f143,琴葉 誠,コトハ マコト,male,26,ジェダイト,フフフ。ようやく出会うことができましたね、ずいぶん探したんですよ。私は琴葉誠、言葉と唄の力を操るものです。私を仲間に加えては頂けませんでしょうか？きっと良い関係が築けると思いますよ,,3
27,f131,石神 翠,イシガミ ミドリ,female,27,ジェダイト,うち、なんでこんなところにおるんやろ？お掃除の途中やったのに暗くなるとやり辛くて困るんやけどなぁ。…あ、でも帰れないなら関係ないわぁ！あはは〜…それも困ったなぁ？,,1
28,f127,石神 珠子,イシガミ タマコ,female,28,ジェダイト,こんな老体に何のようじゃ？なになに、一緒に来てくれとな？丁度縁側でお茶をすするだけにも飽きたところだったんじゃ。これでも元神主。おまえさんの力になれることもあるじゃろう。,,3
29,f023,白鳥 王子,シラトリ オウジ,male,29,パール,歪んだ世界に鮮烈な空、恐ろしくもありどこか美しい…。何？世界を浄化？それは美しいな！美しき行為には美しき者の助力が不可欠。この美しき白鳥王子、助力は惜しまないぞ！,,3
30,f229,白城院 素子,シラキイン モトコ,female,30,パール,私、究極のお菓子と至高のスイーツをさがしてるんですの。そのためには異世界だっていといませんわよ？そうだ！一緒におやつの時間にしません？,,3
31,f261,真白 響子,マシロ キョウコ,female,31,パール,火花が散るような恋がしたい…！この黒く輝く空の下にい新しい恋が待っているのかしら？浄化？面白いわね、素敵な出会いが待っていそうだもの…！,,1
32,f263,水陰 那月,ミカゲ ナツ,male,32,ムーンストーン,月が二つある…僕、ファンタジーの世界に来ちゃったのか！？……あなたは何だか妙に冷静ですね。…ぼ、僕を食べても美味しくないですよ…？,,1
33,f097,大槻 臣司,オオツキ シンジ,male,33,ムーンストーン,満月の香りが私を誘った時、世界は変わった。運命の糸が、この肉の器を縛るのか！Ｈａｍｎ…Ｍａｒｉｏｎｅｔｔｅ　Ｂｉｎｄｉｎｇ！！！　…嗚呼、また、新曲ができてしまった！……うわ、君は誰だ？に、人間ですか？,,3
34,f175,[陽]撫月 憐,ナゲツ レン,male,34,ムーンストーン,オーブに導かれし人の子よ。君が求め君が願うならば僕らは力を与え続けよう。我らは撫月憐。この身に宿る月の力、如何様にも使うがいい,,1
35,f119,弓月 玲那,ユヅキ レナ,female,35,ムーンストーン,何なのココ！？昼なのか夜なのかも分からないわよ？…面白いわ！全然普通じゃないもの！面白過ぎる！あなたについていけば、もっと面白くなるかしら？,,3
36,f177,[陰]撫月 憐,ナゲツ レン,female,36,ムーンストーン,オーブに導かれし人の子よ。あなたが求めあなたが願うならば私達は力を与え続けましょう。我らは撫月憐。この身に宿る月の力、如何様にも使うと良い…,,3
37,f007,[覇龍]天王寺 征人,テンノウジ ユキト,male,37,アレキサンドライト,金も権力もこの手中に収めた！しかしまだ足りん！全てを手に入れ俺は覇道を極める！貴様如きが俺を使いこなせると思うのなら試してみるがいい！,,5
38,f257,二面 安芸,ニツラ アキ,male,38,アレキサンドライト,…………？？？……ああ、セットか。…今回のドラマは凝った作りだなぁ…。君が共演者？よろしく。………台本って、ないのかな,,1
39,f320,赤石 美登里,アカイシ ミドリ,female,39,アレキサンドライト,まあっ、ここはどこなのかしら〜？あなたがなさったのですか？困りますわ。私は夫から離れるわけにはいかないんですけど…。斗真さんの事ご存知ですか？,,1
40,f021,由良木 彩,ユラギ アヤ,female,40,アレキサンドライト,……あなたの力は興味深い。調査班と合流するまで行動を共にさせてもらう。よろしく。名前？わたしは由良木　彩。聞きたいことはそれだけ？,,1
41,f035,七瀬 八宵,ナナセ ヤヨイ,female,41,アレキサンドライト,私を使いたいだと？…良いだろう。この七瀬八宵を使いこなせるならやってみるがいい。人に使われるのは久しぶりだよ,,1
42,f253,神崎 紅夜,カンザキ コウヤ,male,42,ルビー,よお、あんたこの世界を浄化したいんだって？言わば全世界を治療する医者ってとこか。俺は人間の医者志望だけどさ、嫌いじゃないぜそういうの。手伝ってやるよ,,3
43,f017,赤堂 登弥,シャクドウ トウヤ,male,43,ルビー,俺は赤堂登弥。地質調査の班員だ。…と言っても雇われの身で全然詳しくないんだがな。正直突然の事に右も左もわからず困ってたんだ。仲間に入れてくれないかな,,1
44,none,紅葉 美妃,クレハ ミキ,female,44,ルビー,初めまして！私は紅葉美妃です。ふぅ、なんだか危ない奴らがウロウロしてるのね！この薙刀で、あなた達の力になれるかしら？,,1
45,f306,山吹 日明,ヤマブキ アキラ,male,45,カーネリアン,イエーイ！ＡＫＩＲＡだぜ！店の裏口が、何故かここに繋がってたんだよ。面白そーだから一緒に付いて行ってやってもいいぜぇ〜。俺の特技？いっぱいあるぜ！数えたことないけど！イエーイ！,,1
46,f135,カルロス 翔,カルロス ショウ,male,46,カーネリアン,ッハハー始めて見る顔だな！ここで会ったのも何かの縁だ。俺と一緒に踊るか？浄化？良いねぇ！使命のメリーゴーランドでヒートダンスを踊ってやるか！,,3
47,f077,姫乃 蜜柑,ヒメノ ミカン,female,47,カーネリアン,なになにここー？君はだぁれ？あ、あたしは蜜柑！蜜柑って呼んでいいよー。いきなし意味わかんない事になって、トリプルテンションあがっちゃった！ねーねー蜜柑もついってってもいーよね？,,3
48,f157,真守 桃子,マモリ モモコ,female,48,カーネリアン,セーホー？ジョーカー？ンー。イミ分かんないな？ごめんね私お店に戻らなきゃ…ん？後ろに居る子達、可愛い子ばっかね。そういう商売？違うの？私がスカウトしてもいーのかな？,,1
49,none,日向 陽子,ヒムカイ ヨウコ,female,49,ペリドット,わあ！わわわ？お店に居たはずなのに…！？君が私のこと呼んだ？なになに…世界を救う！？すごぉい！私がヒーローに！？じゃあじゃあ、私はあんパンを配るよ！,,1
50,f155,緋崎 平一郎,ヒザキ ヘイイチロウ,male,50,サードニックス,げーーっ、なんだここ！？とりあえず…オッス…。オレは緋崎　平一郎。お前は？へえ、ジュエルマスターってのか！変わった名前だな！えっ、名前じゃないって？,,1
51,f037,横島 乙女,ヨコシマ オトメ,female,51,サードニックス,な、なんですか？私に何の用ですか？異世界だからって無法は許されないんだから！い、イヤ！私は描くのが専門で…え？星宝？浄化？何それ？………すごい！【ときめきジュエリオン】みたい！,,1
52,f312,蒼井 悠斗,アオイ ユウト,male,52,サファイア,世界を歪ませる石を浄化？非科学的な……ってもこの状況では今更か。はあ、分からない事ばかりだな。…同行はしますけど、手伝うと約束したわけじゃないですからね！,,3
53,none,藍馬 清秋,ランマ セイシュウ,male,53,サファイア,なんだこの空は…星が近い。俺は夢でも見てるのか？…っち、貴様の話、与太話と切り捨てるには早いようだな。良いだろう。俺に何の力があるか知らんが、付いて行ってやるさ,,3
54,f255,九条 葵,クジョウ アオイ,female,54,サファイア,風に噂に聞いたぞ！諸君の崇高な目的、感銘した！ついては同行を許して頂きたい。僕は、星辰学園生徒会長・九条葵！乙女の身ではあるが、世界のために闘い果てる覚悟だ！,,3
55,none,菫 透真,スミレ トウマ,male,55,アイオライト,世界を救う旅！？壮大な話だなぁ。え、僕にもできる事があるって？本当に？うーん、いや、手伝ってもいいですが…仕事と両立できるかな…,,1
56,f215,生方 すみれ,ウブカタ スミレ,female,56,アイオライト,わあ、凄いスタジオ…じゃ、ない！？なにこれー！？友美ッ…も、居ないし！え？世界を救ってる？はあ、私はベースが弾けるだけですよ？…それもチョットだけですよ？,,1
57,none,鞍見 白流,クラミ ハクル,male,57,オパール,…初めまして。僕は鞍見　白流。もし良ければ君の旅に同行したい。なぜ僕はここにいるのか。僕は一体何者なのか…その答えがここに有る気がするんだ,,3
58,none,御白 護,オシロ マモル,male,58,オパール,"ΣΣ(　ﾟ A ﾟ；）…（　ﾟ Дﾟ）…ｫｫｫｫ異世界ｷﾀ━━━ΣΣ(ﾟДﾟ;)━━━━!!! っていうか異世界wwwwwwwとかwwwwwww今時wwwww…はやんねーだろ（ ´,_ゝ｀）ﾌﾟｯ ( ﾟ,_ゝﾟ)ﾊﾞｶｼﾞｬﾈｰﾉ ",マワリ16連ケチャ倒れ,3
59,f233,日影 巴,ヒカゲ トモエ,female,59,オパール,扉を開くとそこは異世界だった的なアレかー。上がるわ〜。君は【貴方を待っていました…】とか言いう立ち位置？じゃヒロインはうぶ先輩？って、先輩達が居ないにゃ？,,3
60,f027,麻字里 純,マジリ ジュン,male,60,トルマリン,ヒヒヒ、ヘへ、はハハハはは、は、あ、あーー、あーー！！足らねえ、足らねえよぅ。キラキラしたさぁ、キラキラしてんのが好きなんだよ！もっと集めようぜ！キラキラをさあ！,,3
61,none,真取 凛,マトリ リン,female,61,トルマリン,貴方は誰？いえ喋らなくても良いわ、私には分かるから。…浄化、星宝？静かで良い所だと思っていたけどそんな場所だったの…。見過ごす事はできないわね。私は凛。真取凛。私も貴方達を手伝います,,1
62,f259,狭間 真字女,ハザマ マジメ,male,62,トパーズ,ハァーイ！天辺から尻尾まで半分までは真面目にできてる狭間真字女サンだよ！いやー君たちは強い！凄い！超すごい。これからは仲良くしよー！ね！色々あっても水を流して未来を形作るのが大人だもんね〜ヨロシクゥ！,,3
63,f280,柱間 黄太,ハシラマ コウタ,male,63,シトリン,…カザも雨宮センセもどこほっつき歩いてんだ？めんどくせえなあ。なあ、シケた面した学生と抜けた顔した白衣の男見なかったか？,,1
64,f112,真波 金魚,マナミ キンギョ,female,64,シトリン,…何なのかしらここ？薄気味悪い場所……おぉ！？なんか宝石が転がってる！？こ、これを売っぱらえば一瞬で借金返済！？え？ダメ？なんでよー！,,1
65,f223,黄賀 友美,コウガ ユミ,female,65,シトリン,なあなあ！あんた、もしかしてここの住人？わたし、友美っていうんやけど、ここってどこ？さっきまでスタジオで練習してたんやけど……。んー帰る道知っとる？,,1
67,f163,空野 翼,ソラノ ツバサ,male,67,ターコイズ,あたし、空野翼って言います。自分で言うのも何だけど、雑貨屋の看板娘なんですよ！お店には沢山ターコイズがあったけど、石に不思議な力があるなんてあたしでもびっくりですよ！,,1
68,f141,子代 風信,コダイ カゼノブ,male,68,ジルコン,ううう、何なんだここは？塔子さんは何処に…。ん？人だ！君！塔子さん…じゃなく、えーと白衣の女性を見なかったかい？はぐれてしまって…一緒に探してくれないか？,,1
69,f009,天王寺 良威,テンノウジ ライ,male,69,ジルコン,儂は　天王寺良威。天王寺グループの総帥　である。石の力は　知っていた。お主の旅に　同行させて欲しい。礼は弾む。儂には　使命が　あるのだ,,3
70,none,村崎 十織,ムラサキ トオル,male,70,タンザナイト,僕は村崎。村崎十織だ。よろしく。えっと、無理にとは言わないんだけども、星喰いと戦ってるなら僕を仲間に入れてくれないかな？アイツらとはちょっとした因縁があるんだよな。ダメかな？,,3
71,none,戸帳 夕紀,トバリ ユキ,female,71,タンザナイト,ここはどこなんですか？私、恐いです…一緒にいさせてもらえませんか？えっ、お手伝い…ですか？私がそんな事…でも、やらなきゃダメなんですよね？…が、頑張ります！,,3
72,f219,神楽 蒼子,カグラ ソウシ,male,72,ラピラズリ,星宝を求めし者よ、貴方は何を願い何を求めるのですか？気をつけなさい、人の分を超えた願いは必ずその身に不幸をもたらします…。私を知れば、きっと貴方も思いとどまる筈です,,3
73,none,[神託]青蓮院 司,ショウレンイン ツカサ,male,73,ラピラズリ,…待っていました。この出会いは必然にして不可避。主が定めし誓約が遂に果たされる時が来たのです。この力超常の力、存分にお使いなさい。それが我らが教団の悲願でもあるのです…！,,5
74,none,青蓮院 尊,ショウレンイン タケル,male,74,ラピラズリ,まさか、僕が選ばれるとはな…これも宿命か。邪悪な石を清めているんだろう？君の旅を助けるよ。そのかわりひとつ頼みがある。僕の兄を救ってはくれないだろうか？,,1
75,none,藍馬 蘭,ランマ ラン,female,75,ラピラズリ,星の宝石を浄化する者…あなたがジュエルマスターね。あなたを待っていたわ。お願い、私を連れて行って。邪魔にはならないようにするから。……これで良いのよね？お母様…,,1
76,f091,百知 瑠璃,モモチ ルリ,female,76,ラピラズリ,なんですかあの空の色？（パシャリ）光が水平線から差しているです！（パシャリ）月が二つも！？（パシャリ）やばい萌える！（パシャリ）あれ？この写真人が写ってるよ？おかしいですよ？…あ、ほんとにいたのか,,1
77,none,神崎 メメ（瞳）,カンザキ メメ（ヒトミ）,female,77,キャッツアイ,ニャー！ニャニャニャー、ニャー…とかいって、実は喋れるのニャ。我輩はメメ、ニャ。主人はこーニャよ。こーニャいるニャ？,,1
78,f029,弦間 鷹人,ゲンマ タカト,male,78,ホークアイ,…ほう、これは星の核？光を集める力か、なるほど。…失礼。私、弦間鷹人と申します。主人を探しているのですが、どうやら貴方の傍にいれば程なく見つかりそうですな,,1
79,f031,弦間 弥虎,ゲンマ ミトラ,male,79,タイガーアイ,カカカ！貴様がジュエルなんとやらか？用心棒を集めておるのだろう？わしを使え！脆い人間などより、いしくれの化物どもの方がまだ楽しめそうだからなあ！,,3
80,f137,黒破 軍司,クロバ グンジ,male,80,オニキス,まさかこんな世界が存在するとはな。なるほど人を狂わす石も在るわけだ。なあ君、この世界の事を私に教えてくれないかね？私に出来ることがあれば提供する用意はあるよ,,3
81,f075,幾叉 まどか,イクサ マドカ,female,81,ヘマタイト,あれっ、ここドコ？はぁ、浄化の旅ぃ？知らないよそんなの。勝手に巻き込むないでよね？じゃあね！………………ちょっと、どうやって帰ればいいのさぁ！？,,3
82,f290,口縄 明沙,クチナワ メイサ,female,82,オックスブラッド,私の名前は口縄明沙。貴方、石を浄化してるのよね？会いたいと思っていたのよ。しばらく同行させてもらっていいかしら？えっ、私の職業？…まあ、細かいことは、いいじゃないの,,3
83,f153,虹見 彩火,ニジミ サヤカ,female,83,ファイヤーアゲート,なによこの場所は？マスター？ハア？アタシに命令できるのはアタシだけだ！えっ…化物が現れる…？…アタシの庭で勝手をやらせるかよ！ぶっ潰してやるわ！,,3
84,f284,吾妻 晴子,アズマ セイコ,female,84,アズライト,ここは、異世界！？願いがかなったようだ…私の名前は吾妻晴子、趣味は読書。以上だ,,1
85,f123,[闇薙]黒伏 曜子,クロブシ ヨウコ,female,85,オブシディアン,貴方星喰いを狩っているんでしょう？私も連れて行って！私は、お父様とお母様の心を喰ったあの化け物どもを倒したいの！私は誰よりも鋭い剣になるわ。だから、お願い！,,5
86,f159,若草 友樹,ワカクサ トモキ,male,86,グリーンアゲート,…こんなところで何してるって？探し物だよ！かあさんととうさんの【代わり】をね…ップ、変な顔！冗談に決まってるじゃん？迷子になって困ってたんだ！ついっててもいーよね？,,3
87,f147,夏野 太陽,ナツノ タイヨウ,male,87,サンストーン,おやおや、なんだか不思議な世界に迷い込んでしまったようだ。会議前なのに困るなあ。え？困ってるようには見えないって？いやぁ、困ってますよこれでも〜。一緒に帰り方を探しませんか？,,1
88,f149,夏野 向日葵,ナツノ ヒマワリ,female,88,サンストーン,まあ、さっきまでお店に居たのにどうしちゃったのかしら？困ったわ、お花の手入れもまだなのに…店長さんに怒られちゃう。夕飯までには帰れるかしら。あら、あなたも迷子ですか？,,3
89,f324,大河 愛,タイガ アイ,female,89,タイガーアイ,ここ、ドコ？　あんま夜遅くまで外にいると、またシスターに怒られちゃうんだけどなあ。…んん？キミは誰？浄化？よくわかんないけど、面白そうだねっ,,1
90,none,葉隠 黒子,ハガクレ クロコ,female,90,オブシディアン,・・・・・・・（葉隠黒子は立ち上がり、仲間になりたそうな目でこちらを見ている）,,1
91,f209,桜 結衣,サクラ ユイ,female,91,コンクパール,どんなＬｉｖｅステージだって全力！表も裏もぉ…天辺！奪るぞッー！………ハイ！ここでΣ（シグマ）ー！って言うんだよ。知らないかな？私たちもまだまだだなー,全力Live,3
92,f052,錆谷 正元,サビヤ セイゲン,male,92,ヘマタイト,…まさか、現実の事とはな。………この拳が化け物にも届くのか、試してみよう,正拳突き,3
93,f338,鷹乃目 しの,タカノメ シノ,female,93,ホークアイ,おかしいぞ。さっきまで田中と生徒会の資料を作っていたはずなんだが…。浄化？異世界？ははあ、これは夢か。ということは、今ごろ田中は部室で私の寝顔を眺めている、と…。フフフ田中め…,,3
94,f336,田中 走馬,タナカ ソウマ,male,94,サードニックス,ここ、どこ！？…異世界？それじゃＳＦじゃないですか！資料もまだ出来てないのに鷹乃目さんに何て言い訳しよう…。ＳＦしてきましたって？うわあ、私も行きたいとか言いだすぞ…,,1
95,f346,[心言]陽世 新芽,ハルセ シンメ,male,95,グリーンアゲート,う…昼寝してた筈なんだけどな、また来ちゃったか。まったく油断も隙もないよ。…やあジュエルマスター、また来たよ。おばあちゃん家の書庫であれから色々調べたんだ。今度はもっと、力になれると思う,,5
96,f227,[蓮弾]朱蓮 Ｊ．門上,シュレンジェイソンカドカミ,female,96,ファイヤーアゲート,Ｏｈ，，，　またアナタですか？しつこいですね！…でもこの間の観光案内は感謝してますよ？ワタシは借りは作らないのがｐｏｌｉｃｙ。手伝ってあげるわ。仕方ないわね！,,5
97,f304,柳 蒼天,ヤナギ アオイ,female,97,サファイア,世界を歪ませる石を浄化する、ですか。それはお疲れ様です。でも私には私の仕事がありますし…まあ、休憩時間にお茶を入れるぐらいなら良いですけれど,,1
98,f302,無色衣 詩音,ムジキイ シオン,female,98,オパール,ここが異世界だって相手が宝石の化物だって構いはしない。私は何時だって何処だって己を歌声に還すだけ。それが私の世界を変える唯一の方法だもの,,3
99,f296,衛星 絵,ツグホシ カイ,male,99,ムーンストーン,俺は衛星絵。絵描きだよ。ところで誰か、エンピツか何か持ってないかな？この景色が心から零れ落ちる前に、留めて置きたいんだ,,3
101,f089,[羽化]御伽 美夜子,オトギ ミヨコ,female,101,モリオン,…異界で力を得ても、結局私が籠の鳥であることには変わらなかった。もう、この手で決着をつけるしかないのね。お父様お兄様、私は心を決めたわ,呪怨憑代,5
103,f171,飛越 蛍,トビコシ ホタル,male,102,フローライト,あらやだ、私飲み過ぎた？それとも頭どうかした？…だったら面白かったけど、残念ながら正気ねぇ。…貴方は私を満足させられるかしら？,,3
104,none,[疾空]葉隠 黒子,ハガクレ クロコ,female,90,オブシディアン,………ッ！！！（黒子はあぜんぼうぜんとしている。何かとても、重要なことをしている最中だったようだ）,,5
105,f248,暁 宗谷+,アカツキ ソウヤ,male,1,ガーネット,ッ…胸が…拳が熱い！俺、強くなったんだな？みんなを守れる力が俺にも…！行こうぜ相棒！お前も俺が守ってやる！,ためる,2
106,none,柘 勇作+,ツゲ ユウサク,male,2,ガーネット,…ふう！…っはは、随分浮かれた格好になっちまったなぁ。だがこの獲物は気に入ったぜ。柘勇作、変身完了だ！,フラッシュショット,2
107,f244,鳥谷 茜+,トリヤ アカネ,female,3,ガーネット,すごい！変身した！？ちょっと恥ずかしいけど、これなら行けるよ！みんなを守れるね！,火鳥風撃,4
108,none,御神 朱奈+,ミカミ アケナ,female,4,ガーネット,…んんっ………ん？…なっ、なっ、なんでこんな衣装なの…！まるでコスプレじゃないの！やだぁ！,チャクラムバインド,4
109,f293,紫上 鏡一+,シガミ キョウイチ,male,5,アメジスト,私は力を得た…。非論理的であろうが、何であろうが、生徒たちを守れるのならそれでいい！,プロテクトミラーエッジ,2
110,f034,後藤田 蒼紫+,ゴトウダ アオシ,male,6,アメジスト,クカカカカ！そうか星宝石よ！これがお前の答えか！蛇とは愉快！ならば次は自分の尻尾を食うべきか？,バインウロボロス,4
111,f146,紫水 塔子+,シスイ トウコ,female,7,アメジスト,おー？実験成功か？成功だな！凄いなあ、我が身に起きた事なのにまるで理屈が分かんないな！ハハハ,リキッドボマー,4
112,f166,辻村 咲希+,ツジムラ サキ,female,8,アメジスト,変身した…？ふふふ、正に闘う女って事ね。安易だけど、嫌いじゃないわね！何処であろうと結果は残してみせるわ！,叱咤激励,4
113,f327,雨宮 優羽+,アマミヤ ユウ,male,9,アクアマリン,びっくりしたぁ、あーびっくりしたぁ…。そうか治癒の力…それが僕の力か。欲しかった、僕の力だ！,全力キュアー,2
114,f329,花織 雫+,カオリ シズク,female,10,アクアマリン,アクアマリンの力が満ちていく…これが私？本当の私…って事もなく！変身してもお馴染みの雫だよ！以上よろしくね！,ギガパラソルブレイク,2
115,f084,水代 香蓮+,ミズシロ カレン,female,11,アクアマリン,きゃぁ！洋服が変わってる……！　私ったら、変身しちゃったみたい。ねえ、これ可愛い？似合ってる、かな？,アクアウォールスカート,4
116,f096,赤松 重吾+,アカマツ ジュウゴ,male,12,コーラル,男、赤松重吾！気合と根性入れなおしての再登場だ！今度は仲間のために闘ってやらぁ！っシャー！,超級弩根性拳,4
117,f319,赤石 斗真+,アカイシ トウマ,male,13,コーラル,ふ…ふふふ…クックック…。マスターさん、感謝しますよ。これで、また私の運命が廻り始めます。,マインドスティール,4
118,f252,柏木 珊瑚+,カシワギ サンゴ,female,14,コーラル,よぉーし、なかなかいい具合じゃないか。気に入ったよこの装備…！柏木珊瑚、変身完了だ！,チャージリヴァイアサン,4
119,f109,斑 王石+,マダラ オウシ,male,15,ブラッドストーン,ウォォオオオ！聞け！魂の絶叫を！獣の咆哮を！悪魔の調べを！これで、これで！メジャーシーンでも通用する！！！,デモンズヴォイス,2
120,none,契 千鶴+,チギリ チズル,female,16,ブラッドストーン,…わらわはブラッドミスト。明治の世から生きる、血と夜を統べる者よ！なので決して、邪気眼などというものではない！,血霧血風斬,4
121,none,皇 光+,スメラギ ヒカル,male,17,ダイヤモンド,これがダイヤの騎士の真の姿だ…。正しき道、正しき光を世界に示し、正しき姿に導くためであれば、僕は闘い続けよう！,アイギスシェル,4
122,f082,三輝 栄太郎+,ミキ エイタロウ,male,18,ダイヤモンド,敵キャラクターのために台詞無し。システムのために線を引く事を使命と信じる。そのため差別主義者を装う事も,おらおら,4
123,f016,金剛寺 貴南+,コンゴウジ タカナ,female,19,ダイヤモンド,盾持つ女…私らしいといえば、らしいわね。この盾を打ち破れるような相手が、果たしているのかしら…？,アダマスシールド,4
124,f299,見嶋 千里+,ミシマ センリ,male,20,ロッククリスタル,ああ〜ハハ！良いぜぇ良いぜぇ〜よぉーく視える。ヒヒッハハ！丸見えだぁ。分かってくれて嬉しいぜ〜俺の星宝石ちゃん！,ハーミットサイト,2
125,f333,国代 伊依+,クニシロ イヨリ,female,21,ロッククリスタル,機能の　大幅な向上　戦闘能力の獲得を　確認。…変身　完了しました,因果律解析,4
126,f236,真宵 星加+,マヨイ ホシカ,female,22,ロッククリスタル,見える…私には見える！ああ、天よ、星よ、金の鶏よ、真の道を指し示したまえ！,水晶の導き,4
127,f250,風間 葉一+,カザマ ヨウイチ,male,23,エメラルド,よし、変身完了だ。これでいいんだろ？俺だってやってやるさ…！迷いはあるけど、迷いながらも進んでみる…！,風読みの心得,2
128,f020,美鳥 宗助+,ミトリ ソウスケ,male,24,エメラルド,…こんな俺に力を貸してくれたのか…そうか、そうだな。俺はもうＬＭＥＳには帰らない。すまん赤堂、由良木。許せとは言わん…！,ガンズサルベーション,2
129,none,翠泉 美門+,スイセン ミカド,male,25,翡翠,我が薙刀の一閃は彗星が如く！如何なる堅き敵も討ち払って見せるわ！頼ってくれても良くってよ？,翠星一閃,4
130,f144,琴葉 誠+,コトハ マコト,male,26,ジェダイト,ハハハ！貴方にも見えますか？ジェダイトに共鳴し、私の呪禁の唄が形を成している！これが星宝石の力か！,呪禁の唄,4
131,f132,石神 翠+,イシガミ ミドリ,female,27,ジェダイト,うちもやる時はやるんよ？この破魔の弓で邪なるものは撃ちぬいてみせましょ？,破魔の弓引き,2
132,f128,石神 珠子+,イシガミ タマコ,female,28,ジェダイト,じゃーん。石神小町とは儂の事じゃよ！ふふふ、若返ったわ若返ったわ！惚れるでないぞ？,絶対可憐老婆,4
133,f024,白鳥 王子+,シラトリ オウジ,male,29,パール,人よ！世界よ！魂よ！森羅万象全てを美の水平線その彼方に誘おう！翼持つ美神！真・白鳥王子、見参ッ！,絶対審美剣,4
134,f230,白城院 素子+,シラキイン モトコ,female,30,パール,はらー、子供になってしまいましたわ？身体は子供、食欲は大人！私ですのよー！,アイスガ,4
135,f262,真白 響子+,マシロ キョウコ,female,31,パール,ああ、白い光が私の中を駆け抜けたわ…！恋の夜にも匹敵するような感覚…！私、強くなったのね…？フフフフ,テンプーテーション,2
136,f264,水陰 那月+,ミカゲ ナツ,male,32,ムーンストーン,こ、これが僕！？…って、うわああ！な、なに？この格好…！？…………か、可愛い、かも…。ど、どうしよう…,トランスムーンアロー,2
137,f098,大槻 臣司+,オオツキ シンジ,male,33,ムーンストーン,見てくれ…人の形を捨てたこの身、神にも魔にも属さぬ音楽を表現するための純粋な形だ！嗚呼！フィギュア化希望！,フォールダウンサウンド,4
138,f176,[陽]撫月 憐+,ナゲツ レン,male,34,ムーンストーン,地球に寄り添う月のように、僕らは人の子に寄り添おう。さあ、セイバー達の力の解放を望むのならば、僕らを使うんだ,,2
139,f120,弓月 玲那+,ユヅキ レナ,female,35,ムーンストーン,ははは！変身した変身した！なんかちょっとアニメっぽいけど素敵よね？これで私も神秘のジュエルセイバーってヤツよ！腕が鳴るわ！,アルテミスカノン,4
140,f178,[陰]撫月 憐+,ナゲツ レン,female,36,ムーンストーン,地球に寄り添う月のように、私達は人の子に寄り添うわ。さあ、セイバー達の力の解放を望むのならば、私達を使いなさい,,4
141,f008,[覇龍]天王寺 征人+,テンノウジ ユキト,male,37,アレキサンドライト,これが覇道を極めし王の力…。全てを掌握する絶対的な力…。お前に俺が止められるか？ジュエルマスター…,覇龍の眼光,6
142,f258,二面 安芸+,ニツラ アキ,male,38,アレキサンドライト,とぉ！ヤー！マスクドッ！サンドッ！ライト！参・上！！！正義を体現するため、私は舞い降りた！以後お見知りおきを！,トワイライトチェンジ！,2
143,f321,赤石 美登里+,アカイシ ミドリ,female,39,アレキサンドライト,うふふ、もう世間知らずなんて、言わせないわ。油断してると骨抜きにしちゃうわよ？,チャームKISS,2
144,f022,由良木 彩+,ユラギ アヤ,female,40,アレキサンドライト,変身、完了。ウェポンタイプはスナイパーライフル。・・・・・・これは、少し胸が踊る,穿光狙撃,2
145,f036,七瀬 八宵+,ナナセ ヤヨイ,female,41,アレキサンドライト,…これが私の力？この大剣で敵を薙ぎ倒せというのか？良いだろう、やってやるさ！それが私の望みだったという事よ…！,威圧,2
146,f254,神崎 紅夜+,カンザキ コウヤ,male,42,ルビー,ははは。なかなか気分が良いね！本来武器じゃないが、これで敵を切り刻むのにも使えん事もないよな？,テクニカルメス,4
147,f018,赤堂 登弥+,シャクドウ トウヤ,male,43,ルビー,よぉっし！ルビーの力を引き出してみせたぞ！この力、今後とも君たちのために使おう！,レッドチャージ,2
148,none,紅葉 美妃+,クレハ ミキ,female,44,ルビー,これが宝石の力！？今までと全然違うわ！すごい・・・・・・勝てる！これなら星喰い達にだって負けないわ！,紅欄乱舞,2
149,f307,山吹 日明+,ヤマブキ アキラ,male,45,カーネリアン,英雄、その名はＡＫＩＲＡだＺＥ！？これなら負ける気しないねぇ、どんなハートでも撃ち抜いちゃうＺＥ？イェ〜イ！,トキメキリボルバー,2
150,f136,カルロス 翔+,カルロス ショウ,male,46,カーネリアン,はははは！随分な格好になっちまったな！楽しいじゃないかぁ！これからも心のままに踊り、お前らの魂を揺さぶってみせよう！友よ！,Rising Crazy Sun,4
151,f078,姫乃 蜜柑+,ヒメノ ミカン,female,47,カーネリアン,へ！？変身した！？意味わかんないけど、この感じ、超スカッとする！！！トリプル倍増でぶっぱなしてやるわよー？,誘導マイクロミサイル,4
152,f158,真守 桃子+,マモリ モモコ,female,48,カーネリアン,ん〜、これが戦う力ってやつ？うふふ、随分凶暴な形よね。私の本性なのカナ？私の戦いぶり、魅せてあげるわよ♪,桃色鉄破断,2
153,none,日向 陽子+,ヒムカイ ヨウコ,female,49,ペリドット,はわわわ！おおお重い！？でも、ヒーローはくじけないのです！アンパンうーマン日向陽子がんばりますっ！,スウィング・ヒロイン,2
154,f156,緋崎 平一郎+,ヒザキ ヘイイチロウ,male,50,サードニックス,見たか？今の！すげえ格好良かったよな？オレ！！ねえ、ちゃんと見てくれてたか？,蛮勇斥力,2
155,f038,横島 乙女+,ヨコシマ オトメ,female,51,サードニックス,これが私！？…す、すごい…私、やるわ！私だって前にでて戦うの！すごい、凄いな…！嬉しいよ！,エイトオーワンマジック,2
156,f313,蒼井 悠斗+,アオイ ユウト,male,52,サファイア,これが変身、これがセイバーの力？…ふう、これじゃ貴方の言う事も信じざるを得ないかな。……まあ、半分ぐらいはね,蒼破残光剣,4
157,none,藍馬 清秋+,ランマ セイシュウ,male,53,サファイア,これが守護石の力、ジュエルセイバーの力か！…人の枠を超えた超常の力…この力があれば蘭…お前も…,星剣,4
158,f256,九条 葵+,クジョウ アオイ,female,54,サファイア,星辰学園生徒会長・九条葵！天地に構えたこの二刀で世界のために闘い尽くそう！,天地激闘の構え,4
159,none,菫 透真+,スミレ トウマ,male,55,アイオライト,これが変身の力か…！ふふふ、力がつくって嬉しい事ですよね。僕もこれからは前線で闘えますよ…！,インビジブルブレード,2
160,f216,生方 すみれ+,ウブカタ スミレ,female,56,アイオライト,わ、私、変身しちゃった！ベースもかっこよくなってる……。なんだか、ちょっと恥ずかしいな。こ、これ、似合ってますか？,,2
161,none,鞍見 白流+,クラミ ハクル,male,57,オパール,ああ、そうか。妖狐。これが僕の本当の力。本来あるべき姿……！やっと、やっと分かった！！,狐火,4
162,none,御白 護+,オシロ マモル,male,58,オパール,フォおおお〜ー大・変・身！！！拙者はこの力！ユイにゃんに捧げるのでござる！（・∀・）,天使にラブダンスを,4
163,f234,日影 巴+,ヒカゲ トモエ,female,59,オパール,おー？私も変身かー！うひひ！なかなかテンション上がるねこれ。音楽で戦えるなんて楽しそうだにゃー？,ワールドエンドハウリング,4
164,f028,麻字里 純+,マジリ ジュン,male,60,トルマリン,ヒャー、ハハ、ヒハァ、見えるぜ、見えるぜ、キラキラがよぉ、もっとたくさん見えるようになったんだよ！！！,ヘブンショットスレイブ,4
165,none,真取 凛+,マトリ リン,female,61,トルマリン,動物たちの気持ちが手に取るように分かる…。あなたとなら、こんなことも可能になるのですね…。,サイコスキャナー,2
166,f260,狭間 真字女+,ハザマ マジメ,male,62,トパーズ,ひはははは！いーね力が戻ってきたよ！今度はちゃんとできたネ。ありがとジュエルマスターちゃーん,御霊騙し,4
167,f281,柱間 黄太+,ハシラマ コウタ,male,63,シトリン,おし変身してやったぜ。…うん、なんかテンション上がるな？俺らしくもねえが、ま、やってやるさ,縮空棍・人中通し,2
168,f113,真波 金魚+,マナミ キンギョ,female,64,シトリン,変身完了っ。早く新しい力を試してみたいな。誰か私と手合わせしてくれる人はいない？,ゴールドラッシュ,2
169,f224,黄賀 友美+,コウガ ユミ,female,65,シトリン,わーお！なんや、この服めっちゃかっこいいなぁ！ガールズでＳＦでバンドって感じやんな！よっし一丁やったるわ！,16BeatWarS,2
171,f164,空野 翼+,ソラノ ツバサ,male,67,ターコイズ,見てみてー！すっごく可愛くなったよ！背中のほうは、どうなってるんだろう？誰か鏡持ってない？,重塊青空落とし,2
172,f142,子代 風信+,コダイ カゼノブ,male,68,ジルコン,わっ…とととと。重っ！…け、剣？ガラじゃないんだけどな…。でも、これで塔子さんを守れるなら…！,フォローフォーフォール,2
173,f010,天王寺 良威+,テンノウジ ライ,male,69,ジルコン,オオオオォォオン…力の　解放を　感謝するぞ　ジュエルマスター,オールレンジ攻撃,4
174,none,村崎 十織+,ムラサキ トオル,male,70,タンザナイト,僕を一度殺した星喰い、あいつを倒すまでは戦い続けてやるさ…！村崎十織変身完了だ！,カースリジェネレート,4
175,none,戸帳 夕紀+,トバリ ユキ,female,71,タンザナイト,わあ、すごい！嬉しいです。この衣装…似合ってますか？,慈愛の祈り,4
176,f220,神楽 蒼子+,カグラ ソウシ,male,72,ラピラズリ,時の理に背き得た、この醜き姿を見なさい！これが力の代償だ。貴方は道を誤ってはいけませんよ…,八極陣時空炉,4
177,none,[神託]青蓮院 司+,ショウレンイン ツカサ,male,73,ラピラズリ,わたくしはもとより星宝石に選ばれた存在…。しかし今、星宝石よりさらなる祝福を受け、導師として高いステージへと上ることが出来ました…。星宝石に栄光あれ…,神言受託,6
178,none,青蓮院 尊+,ショウレンイン タケル,male,74,ラピラズリ,この姿なら、今までより君の役に立てるだろう…。僕は自分の正義を信じる。君は僕を、信じてくれるか？,Helix Faith,2
179,none,藍馬 蘭+,ランマ ラン,female,75,ラピラズリ,…何時かまたあの病室に戻るとしても良い！私は今、誰の哀れみも同情も受けない天馬の脚を手に入れた！お兄様を縛る鎖も解ける…そうよね、お母様？,ペガサスウィザード,2
180,f092,百知 瑠璃+,モモチ ルリ,female,76,ラピラズリ,ふぅ、眩しかった・・・・・・。おー？あたし変身したですね！？おースカートスケスケ！？他の子にも着せたいなあ〜,メデューサキャプチャー,2
181,none,神崎 メメ（瞳）+,カンザキ メメ（ヒトミ）,female,77,キャッツアイ,フフフフ！驚いたかしら？頑張れば人の姿にだってなれるのよ？あら？尻尾が消えない。んー、まあどうでもいいかニャ,トリックオアトリック,2
182,f030,弦間 鷹人+,ゲンマ タカト,male,78,ホークアイ,ホークアイが脈動している。鷹目の力が膨れ上がっていますね…？この力、必要であれば存分と振るってみせましょう,ホークアイドミネーター,2
183,f032,弦間 弥虎+,ゲンマ ミトラ,male,79,タイガーアイ,グハハハハ！単純な力など不要と見限っていたが、なかなかどうして！血が騒ぐわ…！闘争だ！闘争を寄越せジュエルマスター！,虎咬拳・流れ,4
184,f138,黒破 軍司+,クロバ グンジ,male,80,オニキス,…っふぅ、なかなかのジャジャ馬だな？だが力とは飼うものだ。お前も使いこなしてみせるさ,カースハンド,4
185,f076,幾叉 まどか+,イクサ マドカ,female,81,ヘマタイト,よぉっし！変身完了！さあ、どこからでもかかってこいやー！今なら誰にも負ける気がしないぜ！,獅子奮迅,4
186,f291,口縄 明沙+,クチナワ メイサ,female,82,オックスブラッド,あら、なつかしい衣装だこと！変身って、因果なものね。ねえ！星喰いを探しに行かない？…早くこの蛇剣の威力を試したいわ！,刃鎖絡縛,4
187,f154,虹見 彩火+,ニジミ サヤカ,female,83,ファイヤーアゲート,よっしゃー！星喰いだかなんだか知らねーが、力を手に入れた私の敵じゃあない！怒りの炎で燃やし尽くしてやるぜ！,激昂激怒激震撃,4
188,f285,吾妻 晴子+,アズマ セイコ,female,84,アズライト,文字や言葉は、魔力を持つと言われている。今の私になら、実際にそれが出来るよ。フフッ,物騙り,2
189,f124,[闇薙]黒伏 曜子+,クロブシ ヨウコ,female,85,オブシディアン,復讐を遂げる刃はこの手にある！お父様、お母様…待っていて。彼奴は必ずこの手で斬ってみせるわ…！,くらやみ刀,6
190,f160,若草 友樹+,ワカクサ トモキ,male,86,グリーンアゲート,あはは！これが石の力ってやつなんだね！なかなか使えそうじゃないか！力があるなら、アイツ等に頼らなくてもすむよね！,ウィークスナイプ,4
191,f148,夏野 太陽+,ナツノ タイヨウ,male,87,サンストーン,はは、遂に私も変身してしまいましたか。しかし確かに目が覚めるような気持ちですね？力を感じますよ…！,日輪の加護,2
192,f150,夏野 向日葵+,ナツノ ヒマワリ,female,88,サンストーン,うふふふ！変身してしまいましたわ！私にもこんな力があったんですね？うん、今なら魔法も使えそうだもの！,サンフラワーヴェール,4
193,f325,大河 愛+,タイガ アイ,female,89,タイガーアイ,はにゃあああああ！体が軽いにゃ！！…あれ？なんでこんな言葉遣いになっているのにゃ？,タイガークロウ,2
194,none,葉隠 黒子+,ハガクレ クロコ,female,90,オブシディアン,・・・・・・・・！（黒子はシノビにクラスチェンジした！ちからが3アップ、すばやさが5アップ、社交性が1アップした！）,忍法影縫い,2
195,f210,桜 結衣+,サクラ ユイ,female,91,コンクパール,私たちは進化し続けるんだ。君を、みんなを、天辺まで連れていくよ！約束だ。一緒に行こう…！,超・次元Live,4
196,f053,錆谷 正元+,サビヤ セイゲン,male,92,ヘマタイト,まるで化け物だな。………構うものか。やる事に変りはない,鉄拳,4
197,f339,鷹乃目 しの+,タカノメ シノ,female,93,ホークアイ,はははは！面白い夢だ！鋏が武器だなんてな！それではジョキジョキと敵を切ってやろうかな！,生徒会執行[偽],4
198,f337,田中 走馬+,タナカ ソウマ,male,94,サードニックス,ふぅ…！ん？武器はコンパス？まあ使いこなしてみせるさ。…あれ、なんか僕性格変わってるなあ？,文武具の型,2
199,f347,[心言]陽世 新芽+,ハルセ シンメ,male,95,グリーンアゲート,本が力を貸してくれる…想いの数だけ人の数だけ世界はあるって、教えてくれてるんだね。ありがとう…僕は強くなれた！,創世新生,6
200,f228,[蓮弾]朱蓮 Ｊ．門上+,シュレンジェイソンカドカミ,female,96,ファイヤーアゲート,アーアー、アナタには良いようにされっぱなしですね？こんなオタクめいた格好にされて！まあ良いです。こんなに強くなれたなら、気分悪くはないですネ！,ガンパレードスマイル,6
201,f305,柳 蒼天+,ヤナギ アオイ,female,97,サファイア,みんなが心と身体を休めたいって思った時が、本当の休憩時間よね？なら、私は何時でも最高のおもてなしをするべきよね？,ティーエリクサー,2
202,f303,無色衣 詩音+,ムジキイ シオン,female,98,オパール,私は歌うわ、私達の歌を！この身体を通して出る想いと力、星屑達の光を重ねて、私は閃光となって歌うわ！さあ皆、いくわよぉ！？,解放アストラル,4
203,f297,衛星 絵+,ツグホシ カイ,male,99,ムーンストーン,光を見たよ。未だかつて見たことがないような美しい色…。あの光を俺は描くんだ！歪んだ世界に彩りを取り戻してみせるさ！,ドロウファンタジア,4
205,f090,[羽化]御伽 美夜子+,オトギ ミヨコ,female,101,モリオン,影達が私を祝福している…？天王寺に仇なす者達よ、私に力を貸すというのね？フフフ良いわ。使ってあげる。さあ行きましょう…！,禍津日の舞,6
207,f172,飛越 蛍+,トビコシ ホタル,male,102,フローライト,ははははははは！まるで化物じゃないか？分かりやすい変身願望だこと！ははは！悪くはねぇえなあ！,シスブレイカー,4
208,none,[疾空]葉隠 黒子+,ハガクレ クロコ,female,90,オブシディアン,・・・・・（黒子はニンジャマスターにクラスチェンジした！闇夜を疾空し影を絶つ力が今黒子に！）,忍法・影絶ち,6
209,f348,凪原 炭緒,ナギハラ スミオ,male,103,トワイライトダイヤ(備長炭),ふふふ、異世界って凄いんだね（？：炭緒！遊びに来ているわけではないぞ）友達できるといいねトワくん（？：友達なんぞ要らん！）あ、君がジュエルマスターさん？よろしく！（？：聞いてるのか！おい！）,炭心・笑,3
213,f322,春風 琥珀,ハルカゼ コハク,female,107,アンバー,…だあれ？知らない人にはついていっちゃダメなんだよ。……え？アンバー？この人たちはだいじょうぶ？うん…分かった。お家に帰るまでよね？,,3
214,f340,華槌 十輝,カヅチ ジュウキ,male,108,トルマリン,君達が世界を浄化するために旅している一行か。【正義の味方】といえなくもないよな？俺は十輝。俺を仲間にしてくれないか？,,3
215,f133,頂 晴花,イタダキ ハルカ,female,109,サンストーン,うぉー！？昼だったのに、夜！？ハルカの昼寝スキルが有頂天突破したかっ？…え？異世界？セイバー？っかぁぁっこぃイイ！良いじゃん良いじゃんそーいうの、待ってたよっ〜！,,3
216,f079,杜若 幸,カキツバタ サチ,female,110,アメジスト,あんた、誰？ここは一体どこなんだ？…浄化の旅だと？ちょっと面白そうじゃないか。いいよ、しばらく付き合ってやるよ。その代わり、ちゃんと見返りは頂くからな。,,1
217,f349,凪原 炭緒+,ナギハラ スミオ,male,103,トワイライトダイヤ(備長炭),愚かな人間達よ！自らの犯した罪に震えるが良い！トワイライトダイヤモンド…見参！（炭緒：ほんとは備長炭だけどねー）,炭心・焔,4
221,f323,春風 琥珀+,ハルカゼ コハク,female,107,アンバー,あはは！アンバーが元気になったよ！すごいねすごいね。火もでちゃってるよ？わるいやつらをやっつけちゃおうね！,薙ぎ払っちゃえ！,4
222,f341,華槌 十輝+,カヅチ ジュウキ,male,108,トルマリン,俺のこの能力…力無き人々のために授かったと思っている。俺は【正義の味方】になるんだ。たぶん、俺はそのために産まれてきたんだと思う,魂魄十雷,4
223,f134,頂 晴花+,イタダキ ハルカ,female,109,サンストーン,へんしーんっ！いっただっき！ハルカー！ばーじょん2！！！うぉー凄いよ変身ヒロインになっちゃったよ！イェイ！,エアーライドダンス！,4
224,f080,杜若 幸+,カキツバタ サチ,female,110,アメジスト,これが私の新しい武器ってわけか。いいねぇ、銃弾なら、男も女もないよなあ？,トリガー・ハッピー,2
225,f173,[空我]飛越 蛍,トビコシ ホタル,male,102,フローライト,男でもなければ女でもない。人でもない。自分でもない。そんな訳のわからないものになりたがってる馬鹿に世界を救えって？貴方も馬鹿ねぇ,,5
226,f174,[空我]飛越 蛍+,トビコシ ホタル,male,102,フローライト,俺は俺でないものになる。この身を、この魂を捨てて！ジュルマスター！己という檻を突破する力をくれるなら、なんだってしてやるさ！,キルアートマン,6
227,f278,眩星 まこ,クラホシ マコ,female,111,キャッツアイ,未公開キャラクターにより、台詞無し,,3
228,f354,[オパールブラック]虹逆 世界,ニジサカ セカイ,female,112,オパール,この虹逆世界様に何の用？異世界？浄化？ふぅん？面白そうじゃない！目立ちそうだし、悪くないわ！付き合ってあげるわよ！,,3
229,f367,雪目 すくり,ユキメ スクリ,female,113,アイスクリスタル,零ちゃんどうしよう。私…異世界に来ちゃったみたいだよ…。あ、人！？あ、あの、帰り道知りませんか？私、すくりって言います！一緒に居ては、だめですか…？,,3
230,f365,氷川 零,ヒカワ レイ,female,114,アイスクリスタル,おーいそこのヒトー！ここがどこなのか分かるかー？ナヌ？異世界？セイバー？。何か分からんけど、帰るの手伝ってくんない？,,3
231,f013,竜胆 薫,リンドウ カヲル,female,115,サファイア,あの研究所の人達はこの世界に来たかったのか…？…っは、誰！？……ジュエルマスター？それに、浄化だって？…僕は竜胆薫と言います。その話詳しく聞かせてもらえませんか？,,3
232,f106,上絶 霰士郎,ジョウゼツ サンシロウ,male,116,アラゴナイト,え？君、今僕のこと呼んだのかい？なんだか初めて会う気がしないよずっと前から君の事知ってたみたいだなんだろうねこの気持ち、君も同じ気持ちだとうれしいな、これって運命だと思わない運命だよそうに決まってる,,3
233,f279,眩星 まこ+,クラホシ マコ,female,111,キャッツアイ,未公開キャラクターにより、台詞無し,魔眼の輝き,4
234,f358,[アーマーブラック]虹逆 世界+,ニジサカ セカイ,female,112,オパール,どうだ！私のオリジナル装備よ！…やっぱコスチュームとは一味違うわねー？これなら化物どもと戦うのにも遜色ないわね！,ワールドイズSマイン,4
235,f368,雪目 すくり+,ユキメ スクリ,female,113,アイスクリスタル,凄い…私にもこんな力、あったんだ…！もう泣いたり怖気ついたりばかりじゃない、私にも戦う力があるんだね…！,つららブリザード,4
236,f366,氷川 零+,ヒカワ レイ,female,114,アイスクリスタル,よーし変身したぞー！…ってなんなのさこの格好わー！？…やーなんかモコモコしてるぞ？なんで私だけー？,テンイエティ,4
237,f014,竜胆 薫+,リンドウ カヲル,female,115,サファイア,みんな…見てる？力を得たよ。あの時得られなかった力を！みんなの分まで私、この力で頑張ってみるよ…！だから、見ててね！,フラワーウィップ,4
238,f107,上絶 霰士郎+,ジョウゼツ サンシロウ,male,116,アラゴナイト,ぐはははは！すげえなあこの力！過剰に！壮絶に！雨霰が如く…！上絶霰士郎、変身完了ォ！,バレットパーティー,4
239,f363,[狂瀾]虹逆 世界,ニジサカ セカイ,female,112,オパール,もーーー、休日のお楽しみ中に急に呼ばないでよね！まったく…ちょっと、何処見てんのよ。…ちゃんと綺麗に撮りなさいよ？,ワールドイズSマイン,5
240,f364,[狂瀾]虹逆 世界+,ニジサカ セカイ,female,112,オパール,世界は私のもの！なんてね！でもね、世界のどまんなかには何時だって居座ってやるわよ！さあ虹逆世界を魅せてあげる！,ワールドイズSマイン,6
241,f087,御伽 美夜子,オトギ ミヨコ,female,101,モリオン,牢じゃない…ここは？モリオンが見せていた夢の場所？…どうやら、石が私と貴方を引きあわせたようね。私は呪われた女。それでも私の力が欲しい？,,3
242,f088,御伽 美夜子+,オトギ ミヨコ,female,101,モリオン,痛み苦しみ恨み…全てを、全てを力に変える…！この力は私のものだ！この想い、この復讐！必ず遂げてみせるわ…！,ペインシェアー,4
243,f225,朱蓮 Ｊ．門上,シュレンジェイソンカドカミ,female,96,ファイヤーアゲート,Ｗｏｗ　何ですかココは？オタクの遊びに付き合う暇はないですよ！…えっ、異世界？タバカロウたって無駄ですよ！？…ホントに？Ｒｅａｌｌｙ　？　Ｏｈ　ｍｙ　ｇｏｄ．．．,,1
244,f226,朱蓮 Ｊ．門上+,シュレンジェイソンカドカミ,female,96,ファイヤーアゲート,ワーオ、アメイジング。ママに見せるためのフォトが必要ね…。フフフ！あくまでも異文化の研究のためよ！,撃鉄の舞,2
255,f334,[大空]国代 伊依,クニシロ イヨリ,female,21,ロッククリスタル,……………ぐぅぐぅ……っは！…国代伊依　起動しました…稼働率10％　12％　14％　13％　8％　…4…ぐぅ,,5
256,f335,[大空]国代 伊依+,クニシロ イヨリ,female,21,ロッククリスタル,国代伊依　フル稼働　最大戦力形態に　移行。以後マスターの名に従い　全ての任務を　実行します,超高度支援攻撃,6
257,f350,尖岳 椿,センガク ツバキ,male,117,スピネル,時代錯誤も甚だしい、剣を振るうしか能の無い男に何の用だ？…星喰い？そうか化物狩りか。他に俺の使い道などない…存分に使うと良いさ,,3
258,f351,尖岳 椿+,センガク ツバキ,male,117,スピネル,ああスピネル…その通りさ！剣の道など知らぬッ、ただ疾く！ただ強く！振りかざすは獣の剣よッ…お前の力解き放ってやるさ！,山崩し,4
259,f179,大和 白亜,ヤマト ハクア,male,118,カルサイト,なんだよココ？浄化？ふぅんゲームみたいだね。ちょっと危なそうだけど、体験版程度なら遊んであげてもいーよ？ちょっとは面白そうじゃん？ははは,,3
260,f180,大和 白亜+,ヤマト ハクア,male,118,カルサイト,……！！！これが僕…！？成長しているのか、心も身体も…今なら分かるよ。僕の使命、貴方とこの世界の歪みを正すんだ…！,タブーサンクチュリア,4
261,f169,烏丸 彼方,カラスマ カナタ,male,119,ブラックカルサイト,…異世界って……なんだそれ、馬鹿らしいよ。…………でも白亜なら、喜んでやりそうだよな。…っちぇ、ちょっとだけやってみるか,,1
262,f170,烏丸 彼方+,カラスマ カナタ,male,119,ブラックカルサイト,……！！！俺…成長してる？これで戦う力もついたのか？これで…白亜よりも、強くなれたのかな？,侵入障壁,2
263,f005,天王寺 征人,テンノウジ ユキト,male,37,アレキサンドライト,異世界だとぉ？そんなものが存在するとはな。良いだろう、付き合ってやる。俺の知らない世界、俺の知らない力、知る必要がある…！,,3
264,f006,天王寺 征人+,テンノウジ ユキト,male,37,アレキサンドライト,宝玉の王、アレキサンドライトの力か。ハハッ、俺に相応しい力じゃないか？この力、如何程のものか試す必要があるな！,覇者の眼光,4
265,f344,陽世 新芽,ハルセ シンメ,male,95,グリーンアゲート,おばあちゃんが言ってた不思議な世界、本当だったんだ。物語の中みたいだな…。この世界を旅してるんですよね？僕もついていって良いですか？,,3
266,f345,陽世 新芽+,ハルセ シンメ,male,95,グリーンアゲート,本の栞が札に…はは、僕らしいかな？うん、陽世新芽、変身完了です！本の力を借りて戦いますよ！,言霊の栞,4
267,f355,[オパールレッド]虹逆 世界,ニジサカ セカイ,female,112,オパール,この虹逆世界様に何の用？異世界？浄化？ふぅん？面白そうじゃない！目立ちそうだし、悪くないわ！付き合ってあげるわよ！,,3
268,f356,[オパールブルー]虹逆 世界,ニジサカ セカイ,female,112,オパール,この虹逆世界様に何の用？異世界？浄化？ふぅん？面白そうじゃない！目立ちそうだし、悪くないわ！付き合ってあげるわよ！,,3
269,f357,[オパールパープル]虹逆 世界,ニジサカ セカイ,female,112,オパール,この虹逆世界様に何の用？異世界？浄化？ふぅん？面白そうじゃない！目立ちそうだし、悪くないわ！付き合ってあげるわよ！,,3
270,f359,[アーマーレッド]虹逆 世界+,ニジサカ セカイ,female,112,オパール,どうだ！私のオリジナル装備よ！…やっぱコスチュームとは一味違うわねー？これなら化物どもと戦うのにも遜色ないわね！,ワールドイズSマイン,4
271,f360,[アーマーブルー]虹逆 世界+,ニジサカ セカイ,female,112,オパール,どうだ！私のオリジナル装備よ！…やっぱコスチュームとは一味違うわねー？これなら化物どもと戦うのにも遜色ないわね！,ワールドイズSマイン,4
272,f361,[アーマーイエロー]虹逆 世界+,ニジサカ セカイ,female,112,オパール,どうだ！私のオリジナル装備よ！…やっぱコスチュームとは一味違うわねー？これなら化物どもと戦うのにも遜色ないわね！,ワールドイズSマイン,4
273,f362,[アーマーグリーン]虹逆 世界+,ニジサカ セカイ,female,112,オパール,どうだ！私のオリジナル装備よ！…やっぱコスチュームとは一味違うわねー？これなら化物どもと戦うのにも遜色ないわね！,ワールドイズSマイン,4
274,f067,[雷拳]リシア コッポラ,リシア コッポラ,female,120,トルマリン,さて、学校も終わったしジャスルコでも行ってフードコートでだべりますかぁ。むふふ…ってオイ！！あんた誰！？マスター？浄化？まじイミフなんすけど。えええ〜？,,5
275,f068,[雷拳]リシア コッポラ+,リシア コッポラ,female,120,トルマリン,変身したー！凄い凄い！こういうの大好き！リシア約束するよ！この世界のヒーローになってやるんだからねッ！,雷神掌握,6
276,f286,荊棘 従道,イバラ ツグミチ,male,121,ブラックスピネル,私は荊棘　従道、見ての通り執事でございます。紅茶を入れていた所、気づけばここに。右も左も分からずほとほと困っておりました。どうかお伴させていただけないでしょうか？,,3
277,f287,荊棘 従道+,イバラ ツグミチ,male,121,ブラックスピネル,いかがでしょう？着帽の失礼をお許しください。少々気が昂ぶっておりまして…お見苦しいかと思います故…,ブレードスピナー,4
278,f151,[水着]夏野 向日葵,ナツノ ヒマワリ,female,88,サンストーン,皆さん準備は良いですか〜？ちゃんと準備体操しないと星喰いに食べられちゃいますよー,,1
279,f152,[水着]夏野 向日葵+,ナツノ ヒマワリ,female,88,サンストーン,ハイッ変身です。…ちょっと大胆過ぎたかしら？お兄さんには見つからないようにしないとダメね〜,FloralWizard,2
280,f093,[水着]百知 瑠璃,モモチ ルリ,female,76,ラピラズリ,うお〜あーっちい。超あちいじゃないですか。これはもう一刻も早く海に突入しなければ溶けちゃうレベルですよ…う〜,,1
281,f094,[水着]百知 瑠璃+,モモチ ルリ,female,76,ラピラズリ,右も左も美女！美男子！うおおおー腕が鳴るですよー！？た、たまんねぇです！,スナップショットガン,2
282,f114,[水着]真波 金魚,マナミ キンギョ,female,64,シトリン,うわーほんとに海ができてるの！？すごいなぁ、海水浴なんて何年ぶりだろう？……海底に真珠とか落ちてないかな？,,1
283,f115,[水着]真波 金魚+,マナミ キンギョ,female,64,シトリン,…変身完了！フフフ、やっぱ海の中なら装いも新たにしたいじゃない？,金剛乱舞,2
284,f161,[水着]若草 友樹,ワカクサ トモキ,male,86,グリーンアゲート,やれやれ、いい大人が海だのなんだの大騒ぎでみっともない限りだよね。僕？僕は子供だもの！,,3
285,f162,[水着]若草 友樹+,ワカクサ トモキ,male,86,グリーンアゲート,…ッ！…ん？あれ？浮き輪ついたまんまだ。なんだろうねこれ。まだ遊び足りないのかなー？っはは,スナイプニードル,4
286,f085,[水着]水代 香蓮,ミズシロ カレン,female,11,アクアマリン,みんなはしゃぐのも良いけど、女の子はお肌の手入れも忘れちゃだめよー？ふふふ、でも私も楽しみだなっ,,3
287,f086,[水着]水代 香蓮+,ミズシロ カレン,female,11,アクアマリン,すごいすごーい！水のパレオだ！こんな水着着てる人、多分世界で私一人よね！あはははっ,水の戯れ,4
288,f294,[水着]紫上 鏡一,シガミ キョウイチ,male,5,アメジスト,今日は水泳の指導だったのだが、またここに来てしまったか。…なんと、海ができてるのか？やれやれ、なんとも用意の良い話だな,,3
289,f295,[水着]紫上 鏡一+,シガミ キョウイチ,male,5,アメジスト,…これは、水中用装備か？願いのままに力と形を成したのか…いいぞ、私に子供達を守る力を！行くぞアメジストよ！,スプラッシュミラー,4
290,none,[海保]潮 優希,ウシオ ユウキ,female,122,アクアマリン,潮優希、勇気を胸に！日本の海を守るため出発出航します！みなさん、さよーな……んん！？なにこれ？景色が…な、何事ですかこれはー！？,航海術,5
291,none,[海保]潮 優希+,ウシオ ユウキ,female,122,アクアマリン,凄い…！これが変身？こんなの現代の技術じゃ…ん？何か表示されてる…J-MAX？日本製OS！？う、嘘ぉ？,J-MAX起動,6
292,f125,[海賊]帆村 明,ホムラ アカリ,female,123,オックスブラッド,なんだお前タチ？私のお宝を取りにきたんじゃないのカ？ふーん、なんだ勘違いしちゃったゾ！私は帆村明、大海賊ライブボーン…の子孫だ！よろしくナ！,お宝Getだぜ！,5
293,f126,[海賊]帆村 明+,ホムラ アカリ,female,123,オックスブラッド,よーし鉄騎ライブボーン起動だ！ひいひいひいひいひいひいひいひいお爺ちゃん！気張って動くんだゾ！,ミサイルパイレーツ,6
294,f101,[海姫]桜珠 真魚,サクラジュ マナ,female,124,ピンクパール,あなたが海を清めてくれたんですね。魔物が外の海に出ないようずっと歌を歌い続けていたの…もう限界だった…本当にありがとう。私にもあなた達のお手伝いをさせてくれませんか？,星屑の歌,5
295,f102,[海姫]桜珠 真魚+,サクラジュ マナ,female,124,ピンクパール,…どうして私の歌に魔力があるのか、ずっと悩んでいました。でも今なら分かる。あなたと使命を果たすために私は力を得たんだわ,星屑の歌,6
296,f054,[ゴールドアイ]夜噛 アスハ,ヨルカミ アスハ,male,125,キャッツアイ,ニャーニャニャー？（なんだ、変なところにきちゃったな。人間が僕に何の用だよ？…ここって、アイツが言ってた場所だな。ふーん）,,3
297,f055,[シルバーアイ]夜噛 アスハ,ヨルカミ アスハ,male,125,キャッツアイ,ニャニャ？ニャー（うん？身体が軽いぞ…？お前、僕に何かした？変な事しないでくんない？）,,3
298,f056,[レッドアイ]夜噛 アスハ,ヨルカミ アスハ,male,125,キャッツアイ,ニャニャ…ニャー（また変わった…お前またやったろ？ふん、でもちょっと…悪くはないかな）,,3
299,f057,[ブルーアイ]夜噛 アスハ,ヨルカミ アスハ,male,125,キャッツアイ,ニャニャニャー（ふふふ、次はどうなるのかな。僕もアイツみたいになれるのかな？楽しみだな…！）,,3
300,f058,[ブルーフォーム]夜噛 アスハ+,ヨルカミ アスハ,male,125,キャッツアイ,はははっ変わった変わった。驚いたぁ？人間の形も悪くないだろ？…でもさ、あんまりジロジロ見ないでよね。,キラーアイ,4
301,f059,[ピンクフォーム]夜噛 アスハ+,ヨルカミ アスハ,male,125,キャッツアイ,にゃはははっ！また格好がちょっと変わったな。良いね！嫌いじゃないよこういうのもさ！,キラーアイ,4
302,f060,[ゴールドフォーム]夜噛 アスハ+,ヨルカミ アスハ,male,125,キャッツアイ,人間って毛皮もなくて不便だなと思ってたけど、色々カタチが試せるのは良い所かもね？…だから見るなって,キラーアイ,4
303,f061,[シルバーフォーム]夜噛 アスハ+,ヨルカミ アスハ,male,125,キャッツアイ,このナイフで敵を切り刻んでやれば良いんだろ？にゃははっネズミを獲るようなものだよ,キラーアイ,4
304,f062,[キラーフォーム]夜噛 アスハ+,ヨルカミ アスハ,male,125,キャッツアイ,力がどんどん高まっていくのを感じる…次はどんな風に変わるのかなぁ？ほら、さっさと次を用意しなよ,キラーアイ,4
305,f063,[月酔]夜噛 アスハ,ヨルカミ アスハ,male,125,キャッツアイ,ニャニャニャニャン。ニャニャー（たまには戻らなきゃね。どうしてもっていうなら、撫でさせてやってもいいけど？）,蠱惑の瞳,5
306,f064,[月酔]夜噛 アスハ+,ヨルカミ アスハ,male,125,キャッツアイ,にゃははははっ！狩りの時間だろ？僕に任せなよ！どんなヤツでも切り刻んでやるからさ！,キャッツアイリッパー,6
307,f213,[戦華]シスター パラベラム,シスター パラベラム,female,126,スピネル,あなたと出会えたのも父なる神の導きかもしれませんね。私達の「家」の子らもここに来ていませんか？よければ私もご一緒させて下さい,平和への祈り,5
308,f214,[戦華]シスター パラベラム+,シスター パラベラム,female,126,スピネル,あははは！何だよこの馬鹿げた獲物は。楽しそうじゃないか！なあ？…っと、いけねえ、仮面が取れちまった,十字処刑,6
309,f167,天草 水樹,アマクサ ミズキ,male,127,セレスタイト,うわ！わ、わわわ…？あなたは…っは！まさか噂の人攫い！？…違う？ジュエルセイバー？漫画の話とかじゃなくて？えー…！,,3
310,f168,天草 水樹+,アマクサ ミズキ,male,127,セレスタイト,んっー！変身…！です！これで…これでみんなを守れますよ！僕だって戦えるんです！,セラフィープレイ,4
311,none,朱菊 君枝,アケギク キミエ,female,128,オックスブラッド,驚いたわ。さっきまでお店に居たのに…え？私の力が必要なの？お料理だったらできるけれど、私なんかにそんな事ができるかしら…,,3
312,none,朱菊 君枝+,アケギク キミエ,female,128,オックスブラッド,これが私の力…戦う力か！ふふ、若い頃を思い出す…悪くないね！よーし戦いはこの朱菊に任せな！行くよ！,必殺！頭蓋通し,4
313,f050,木咲 仄果,キザキ ホノカ,female,129,タンザナイト,なんだいココ？あたしキッチンに居た筈なんだけどなぁ。…なになに、星喰い？なんだいソレ。新作料理のお題か何かかい？よくわかんないけど楽しそうだねぇ！,,3
314,f051,木咲 仄果+,キザキ ホノカ,female,129,タンザナイト,なぁるほど！このおっきな包丁で星喰いを料理しろってそういう事かぁ。ホントに食べれたら良いのにねぇ。あははは！,3分間惨殺クッキング,4
315,f369,[凍刃]雪目 すくり,ユキメ スクリ,female,113,アイスクリスタル,マスターさん北国ではもう雪の足音が聞こえてきたよ。私もっとマスターさんの役に立ちたい。強くなるためがんばってみます！,WhitePray,5
316,f370,[凍刃]雪目 すくり+,ユキメ スクリ,female,113,アイスクリスタル,どう？これで誰が相手だって負けないよ。凍らせちゃったらごめんさい。いくよ！,氷雪の太刀,6
317,f099,[光輪]金堂 秋乃,コンドウ アキノ,male,130,ゴールド,なあなあ、あんたこの世界で旅してるんやろう？俺も一緒に連れてってくれんか？世界中見まわってきたけどな、ここが一番オモロイもん仕入れられそうなんや！な？ええやろ？,紫煙幻惑,5
318,f100,[光輪]金堂 秋乃+,コンドウ アキノ,male,130,ゴールド,…力が漲っとるわ。あの黄金にこんな力があるとはなぁ。商い以外でも楽しくやれそうやな…！,インドラの矢,6
319,f316,千吉良 澪,チギラ ミオ,female,131,ブラッドストーン,ここが王石様達が導く異世界…。で、あなたが何とかマスターなのね。案内して頂戴。グズグズするなら呪い殺してやるから…,,3
320,f317,千吉良 澪+,チギラ ミオ,female,131,ブラッドストーン,私だってシスターの子だもの。甘く見てると、血達磨になるわよ。フフフ！見ててくださいね王石様…！,ブラッディーバレット,4
321,f300,[千眼]見嶋 千里,ミシマ センリ,male,20,ロッククリスタル,…どいつもこいつも目ぇ血走りやがってよぉ、たまんねぇよなあ。どこまでも付き合ってやるさ、力が足りねえなら得るまでよ…ヒヒッハハ！,千眼,5
322,f301,[千眼]見嶋 千里+,ミシマ センリ,male,20,ロッククリスタル,…視えるぜ…頭の奥の奥まできやがる…ヒヒッハハ！世界の理なんざ興味ねぇ。視せてみろ！お前の…お前達の…,エヴァレットヴィジョン,6
323,f001,司馬 青獅,シバ セイジ,male,132,ターコイズ,何だココは？参ったな…早く行かねえと主任にドヤされんだけどな。オマエは何か知ってるのか？……フン、世界ねぇ。俺は現場を守るので精一杯だけどな,,3
324,f002,司馬 青獅+,シバ セイジ,male,132,ターコイズ,…何ともトンチキな恰好になっちまったが、この獲物は嫌いじゃないな。化け物どもに風穴を開けてやろう,剛力突貫,4
325,f003,司馬 萌香,シバ モモカ,female,133,ロードナイト,アンタ化け物と喧嘩してんだって？ッハ、面白いじゃないか！俺に任せな！どんなヤツだって叩きのめしてやるよ！,,3
326,f004,司馬 萌香+,シバ モモカ,female,133,ロードナイト,うぇええ！？な、なんだよこの恰好は！？ち、違う違う！こんなの違う！み、見んなバカっ！,マジカルキュアシャワー,4
327,f071,菜野 花,ナノ ハナ,female,134,シトリン,…あれ？ここどこ？おかしいな、学校に居たはずなのに。夢じゃないよね？…あの、お話聞かせて貰っても良いですか？怖いけど、しっかりしなくちゃ,,3
328,f072,菜野 花+,ナノ ハナ,female,134,シトリン,ホントにわたしにもこんな力があっただなんて…ふふっみんなが知ったら驚くだろうなぁ。これでマスターさんの事、守れますね,ブレードサービス,4
329,f073,[聖夜]菜野 花,ナノ ハナ,female,134,シトリン,やっぱり形から入るのも大事ですよねっ。これなんかどうかなー…ちょっと楽しくなってきちゃいましたね！えへへ,プレシャス・スマイル,3
330,f074,[聖夜]菜野 花+,ナノ ハナ,female,134,シトリン,戦うサンタに変身完了です！こうなったからには、もうプレゼントを忘れたりはしないのです！…たぶん,プレゼントスライサー,4
331,f025,[聖夜]白鳥 王子,シラトリ オウジ,male,29,パール,フフフ、待っていたまえよ子供たち…！その無垢なる顔！美しき笑顔に染め上げてみせる！そのためならば私は鬼にでもサンタにでもなってみせよう！さあ行こうマスター！,ノブレス・オブリージュ,3
332,f026,[聖夜]白鳥 王子+,シラトリ オウジ,male,29,パール,ははは！どうだ！皆もろともに美しくする準備が私にはある！覚悟したまえ！,ラフ・キャリアー,4
333,f110,[聖夜]斑 王石,マダラ オウシ,male,15,ブラッドストーン,…今日は羊たちの群れの中で、啓示を行っていたわけだが。帰っては、いけない？うん、そうだろうと思った…。………取りあえずこれ、ヨロシク,切なる歌,3
334,f111,[聖夜]斑 王石+,マダラ オウシ,male,15,ブラッドストーン,ハハハハ！盲目の羊達も、幼き仔羊達もまとめて相手してやる！今日はダブルＬＩＶＥだ！聴けぇ！…え、寝てるから静かにしろ？そんな,ブレス・ソング,4
335,f129,[聖夜]石神 珠子,イシガミ タマコ,female,28,ジェダイト,ほーれプレゼントを用意してきたよ。何？けん玉？ベーゴマ？いやいや、そういう『れとろ』な物以外も抑えとるよ。ホッホッホ,婆ちゃん袋・殴打,3
336,f130,[聖夜]石神 珠子+,イシガミ タマコ,female,28,ジェダイト,じゃじゃーん。サンタ小町じゃよ！…ん？元神主のくせに良いのかって？頭固いのう。サンタも八百万の神の一柱という事で良いじゃろ？,神前譲渡の儀,4
337,f065,[聖夜]夜噛 アスハ,ヨルカミ アスハ,male,125,キャッツアイ,ニャーニャニャニャー（面倒なことはおまえらに任せる。僕はここに居るからな。……これフカフカで暖かいな）,噛む・掴む・蹴る,3
338,f066,[聖夜]夜噛 アスハ+,ヨルカミ アスハ,male,125,キャッツアイ,仕方ないなあ。手伝ってやるよ。で？あいつら何で喜ぶの？生きたネズミとかで良い？,スティールリッパー,4
339,f288,[聖夜]荊棘 従道,イバラ ツグミチ,male,121,ブラックスピネル,今夜はマスター様のためにと思い準備してきましたが…子供たちを慈しむそのお心、感服致しました。そんな貴方の疲れを癒すため、私にできる限りの事をさせて下さい,魔性の微笑み,3
340,f289,[聖夜]荊棘 従道+,イバラ ツグミチ,male,121,ブラックスピネル,星喰い達がこの夜を阻むのなら、私はマスター様の刃となりましょう。…贈り物に血の匂いがつかぬよう、気をつけなくてはいけませんね,穿孔奉仕,4
341,f211,[天頂]桜 結衣,サクラ ユイ,female,91,コンクパール,世界少女Σは世界を救ったアイドルグループになるんだよ。それまではこのお忍びも止められないよね,少女の総和,5
342,f212,[天頂]桜 結衣+,サクラ ユイ,female,91,コンクパール,人型音響決戦装置・Σドライブ、起動！この星と世界と次元の天辺を奪るんだ。私たちのステージを始めるよ！,Σ Full Drive,6
343,f103,ジャック バニッシュ,ジャック バニッシュ,male,135,ファイヤーオパール,ギャハハハハ！ジャック様参上！お前らがあんまりヘナチョコ過ぎるから見てられなくなっちまったゼ。この俺が鍛え直してやる！覚悟しなア！,パンプキンボムズ,3
344,f104,ジャック バニッシュ+,ジャック バニッシュ,male,135,ファイヤーオパール,ギャハハハ！驚いたかァ？何を隠そう、俺も驚いた！…なかなか良い面構えしてるじゃねえか、なあ？俺,ソウルバニッシュ,4
345,f308,[新春]山吹 日明,ヤマブキ アキラ,male,45,カーネリアン,…………（カタカタ）…ちょっと待て。後、後にしてくれ、後に……あ、アッー！も〜つえーよ！黒子さん！……ん？お？マスターじゃん？あけおめー,日々研鑽,3
346,f309,[新春]山吹 日明+,ヤマブキ アキラ,male,45,カーネリアン,イェ〜イ！ダセェとこ見られちゃったかもだけどよ？俺もオマエもこの一年も始まったばかりだ！ＡＫＥＯＭＥ！そしてＫＯＴＯＹＯＲＯ〜！,羽子撃ちA・KILLER,4
347,f231,[新春]白城院 素子,シラキイン モトコ,female,30,パール,わらひとひたことふぁわのあひをみのがひぃていふぁんムグッ！…ンー！……びっくりしました！死ぬかと思いましたわ！,至福餅,3
348,f232,[新春]白城院 素子+,シラキイン モトコ,female,30,パール,はららー！おもちと餡子と苺の奇跡の出会い！和スイーツを総べるもの！いちごだいふくの化身わたしですのよー！,至福大福,4
349,f282,[大聖]柱間 黄太,ハシラマ コウタ,male,63,シトリン,おっす。今年もよろしく………なんだよ、どうでも良いだろ俺がどんなかっこしてても。ほら、さっさと行くぞ,着衣始め,5
350,f283,[大聖]柱間 黄太+,ハシラマ コウタ,male,63,シトリン,ふん、無駄に仰々しくなっちまった。…ま、強くなったってんなら良しとするか。なあ？,縮空棍・御魂通し,6
351,f105,[嫉妬]ジャック バニッシュ+,ジャック バニッシュ,male,135,ファイヤーオパール,ギャハハハ！例え主役の座、BOSSの座を奪われようと！このジャック様がお前たちの邪魔を諦めると思ったら大間違いだゼ！,ブレイズ オブ エンヴィー,4
352,f039,[グレイコート]犬飼 空太,イヌカイ ソラタ,male,136,ブルートパーズ,うーワンワンっ！わう？わふぅ？（なんだここ？どこだここ？とーちゃんドコ？…なんだオマエ。ソラタと遊ぶかぁ！？）,,3
353,f040,[パープルコート]犬飼 空太,イヌカイ ソラタ,male,136,ブルートパーズ,ウォワ？わふぅ！？（なんだいまの！？ビカーって光ってゾワッーてしたぞ！？面白いな！なあもう一回やろう！もう一回！）,,3
354,f041,[ブラウンコート]犬飼 空太,イヌカイ ソラタ,male,136,ブルートパーズ,ワウワウ！ハッハッハッ…（わー！光った！また光った！もっともっと！…あれ、まだか？）,,3
355,f042,[シルバーコート]犬飼 空太,イヌカイ ソラタ,male,136,ブルートパーズ,ワン！ハッハッハッハ…（空太はお手をして次の催促をしている）,,3
356,f043,[オーカーフォーム]犬飼 空太+,イヌカイ ソラタ,male,136,ブルートパーズ,わぅ！？人間になったぞ！？なんだコレー！？…わぅ！？ソラタ喋ってる？やったー！みんなと話せるぞー！,天牙強襲,4
357,f044,[マゼンタフォーム]犬飼 空太+,イヌカイ ソラタ,male,136,ブルートパーズ,わっほい！ソラタ強くなったんだな？強くなった！やった！やるぞ！ソラタはやるぞー！…何を？知らないぞ！,天牙強襲,4
358,f045,[バイオレットフォーム]犬飼 空太+,イヌカイ ソラタ,male,136,ブルートパーズ,うー強くなったー！よっしゃやるぜー！いっくぞぉー！…………なあなあ、どこに行ったら良いんだ！？,天牙強襲,4
359,f046,[シアンフォーム]犬飼 空太+,イヌカイ ソラタ,male,136,ブルートパーズ,なあなあ。ソラタ次はどうなるんだ？人間になったから…次は手が一杯欲しいなー。手って便利だもんなー,天牙強襲,4
360,f047,[ダークフォーム]犬飼 空太+,イヌカイ ソラタ,male,136,ブルートパーズ,ソラタ感じるぞ！尻尾がチリチリすんだ。ソラタはもっともっと強くなれるぞ！ピカーってしよう。ピカーって,天牙強襲,4
361,f048,[闘牙]犬飼 空太,イヌカイ ソラタ,male,136,ブルートパーズ,ワォーーーーーーォォン（ママ！見てて！ソラタはとーちゃんも、みんなも絶対に守る！ソラタは強い！）,獣の咆哮,5
362,f049,[闘牙]犬飼 空太+,イヌカイ ソラタ,male,136,ブルートパーズ,ヴヴヴゥウウ…！固いヤツだってソラタが噛み砕いてやる！みんなを傷つけるやつは絶対に許さないッ！,地爪天牙首砕き,6
363,f011,灰敷 要,ハイジキ カナメ,male,137,カーボン,敵キャラクターのため台詞無し。Lmes局長。その美学と渇望のために、あらゆる犠牲を産み出した元凶,,3
364,f012,灰敷 要+,ハイジキ カナメ,male,137,カーボン,敵キャラクターのため台詞無し。卑小に固定された自身の魂を解放するために、世界の摂理にも挑む,,4
365,f205,戮,リク,male,143,エメラルド,BOSSキャラクターのため台詞無し。竜胆薫と共に監禁されていた少年、リクのなれの果ての姿,,3
366,f206,戮,リク,male,143,エメラルド,BOSSキャラクターのため台詞無し。竜胆薫と共に監禁されていた少年、リクのなれの果ての姿,,4
367,f116,躙,リン,female,144,ダイヤモンド,BOSSキャラクターのため台詞無し。竜胆薫と共に監禁されていた少女、リンのなれの果ての姿,,3
368,f117,躙,リン,female,144,ダイヤモンド,BOSSキャラクターのため台詞無し。竜胆薫と共に監禁されていた少女、リンのなれの果ての姿,,4
369,f208,オーブ,オーブ,female,145,ギベオン,マイマスター。貴方にお願いがあります。人の欲望に惹かれた堕ちた星の石、星宝石を浄化して欲しいのです。全ての石が集まった時、貴方の願いを叶えましょう。貴方にはその資格があります…,,6
370,f330,[雫花]花織 雫,カオリ シズク,female,10,アクアマリン,いっけなーい★もうこんな時間？お母さんのばかっー！遅刻遅刻〜なんて言うと思いましたか？茜ちゃんじゃあるまいし！雫だぜ！,,3
371,f331,[雫花]花織 雫+,カオリ シズク,female,10,アクアマリン,お待たせしました第二形態！次は頭の後ろがにょーんって伸びる予定です。嘘です。今でも十分強いところ見せてやるぜー！,クラウンプリンセス,4
372,f342,黒冬 和馬,コクトウ カズマ,male,139,ブラックスター,…へえ、あんたがジュエルマスターってやつか。意外と普通なんだな。…力を貸してもいいぜ。俺に力をくれるならな…,,3
373,f343,黒冬 和馬+,コクトウ カズマ,male,139,ブラックスター,これが爺さんの言ってた力、星宝石の力か。見てろよ爺さん。俺はしくじったりしない…,断罪剣,4
374,f237,風早 ソロン,カゼハヤ ソロン,male,140,ホークアイ,そこ行く人間。俺の主、千歳を知らぬか？…む、鷹が人語を操るのはやはり奇妙か？以後気を付けよう。ともかく俺は千歳に会いたい。邪魔するぞ,,1
375,f238,風早 ソロン+,カゼハヤ ソロン,male,140,ホークアイ,ははっやはり人の姿に化けたか。これなら千歳を驚かさずにすむかもしれんな。礼を言うぞ人間！,瞬天,2
376,f239,風早 千歳,カゼハヤ チトセ,female,141,ホークアイ,ソロン…？ソロン何処？ここは、どこですか？元の場所じゃない………あ、あなたは、人、なの？,,1
377,f240,風早 千歳+,カゼハヤ チトセ,female,141,ホークアイ,凄い…胸の中に、ソロンが居るみたい…。力を、貸してくれてるのね？ありがとう…！私、戦えるよ！,シャドウ・ソロンドール,2
378,f265,四涼 礼子,シリョウ レイコ,female,142,ファントムクォーツ,ねぇねぇ。私のおうちがドコに行っちゃった知らないかな〜？早く帰ってログインしないとみんなが死んじゃうんだよね〜ｗ　え？セイバー？なにそれ、やだよメンドクサイ話は〜,,1
379,f266,四涼 礼子+,シリョウ レイコ,female,142,ファントムクォーツ,お、おお〜。ホントに変身、しちゃったか〜…しくったなあ。何か魔法使いっぽいし、詠唱とか覚えなきゃダメ系？メンドクサ〜,ゴーストスティール,2
380,f352,兎塚 杏,ウヅカ アンズ,female,146,ローズクォーツ,未公開キャラクターのため台詞無し。弓月玲那を勝手に敵視するお嬢様。中学生,,3
381,f353,兎塚 杏+,ウヅカ アンズ,female,146,ローズクォーツ,未公開キャラクターのため台詞無し。変身すると背伸びしたい分だけ見た目も成長。中身は変わらず,,4
382,none,[千騎]藍馬 清秋,ランマ セイシュウ,male,53,サファイア,未公開キャラクターのため台詞無し。妹を救うため、Lmesですら利用し力を渇望した,,5
383,none,[千騎]藍馬 清秋+,ランマ セイシュウ,male,53,サファイア,未公開キャラクターのため台詞無し。理不尽な運命を変えるため、仲間とも刃を交える事も厭わない,,6
384,f310,[日影]山吹 日明,ヤマブキ アキラ,male,45,カーネリアン,未公開キャラクターのため台詞無し。昼はゲーマー。夜は第三位のホスト。昼の方がやや真剣,,5
385,f311,[日影]山吹 日明+,ヤマブキ アキラ,male,45,カーネリアン,未公開キャラクターのため台詞無し。最も真剣になるのは、黒子と共に戦う時,,6
386,f121,[月皇]弓月 玲那,ユヅキ レナ,female,35,ムーンストーン,未公開キャラクターのため台詞無し。彼女の辞書には、面倒・厄介の欄が、面白いわね！と書き換えられている,,5
387,f122,[月皇]弓月 玲那+,ユヅキ レナ,female,35,ムーンストーン,未公開キャラクターのため台詞無し。子供のような笑顔で心を掴む。自覚のない、はぐれ者達の長,,6
388,f069,久我 辰生,クガ タツキ,male,147,翡翠,未公開キャラクターのため台詞無し。普段は中華街で観光客の案内。可愛いお客にはナンパも,,3
389,f070,久我 辰生+,クガ タツキ,male,147,翡翠,未公開キャラクターのため台詞無し。攻撃と同時に口撃も入る、とかく手数の多い格闘家,,4
390,f314,[蒼剣]蒼井 悠斗,アオイ ユウト,male,52,サファイア,未公開キャラクターのため台詞無し。受験に向けて勉強も忘れない。メガネは勉強中のみ使用,,5
391,f315,[蒼剣]蒼井 悠斗+,アオイ ユウト,male,52,サファイア,未公開キャラクターのため台詞無し。事の帰結を見届けるために力を得た。あの悪友となら最後まで戦える,,6
392,f217,[楽舞]生方 すみれ,ウブカタ スミレ,female,56,アイオライト,未公開キャラクターのため台詞無し。ストラップは翼の雑貨屋で購入。聞いてる曲はTAGUNのアルバムとか,,3
393,f218,[楽舞]生方 すみれ+,ウブカタ スミレ,female,56,アイオライト,未公開キャラクターのため台詞無し。迷いを抜け、楽しい音で皆を鼓舞する事を目指す。密かな人気も,,4
394,f245,[鳳凰]鳥谷 茜,トリヤ アカネ,female,3,ガーネット,未公開キャラクターのため台詞無し。変身ヒロインと学業の両立は大変らしい。特に数学が鬼門,,5
395,f246,[鳳凰]鳥谷 茜+,トリヤ アカネ,female,3,ガーネット,未公開キャラクターのため台詞無し。大切な友達と共に歩むためならば、挫折だって笑顔で乗り越えられる,,6
396,f139,[鬼手]黒破 軍司,クロバ グンジ,male,80,オニキス,未公開キャラクターのため台詞無し。彼は己の倫理を全うしようとする。それは善悪に依存することはない,,5
397,f140,[鬼手]黒破 軍司+,クロバ グンジ,male,80,オニキス,未公開キャラクターのため台詞無し。浸食が進み代償として力を得た。どうであろうが、煙草は止められない,,6
398,none,白金綾女,シロガネ アヤメ,female,148,プラチナ,未公開キャラクターのため台詞無し。最近人気急上昇のレースクイーン。その願いは兎に角有名になる事,,3
399,none,白金綾女+,シロガネ アヤメ,female,148,プラチナ,未公開キャラクターのため台詞無し。こう見えてまだ20歳。サバ読んでると言われるのが悩みの種,,4
400,f241,結髪 日向,ユイガミ ヒナタ,female,149,ペリドット,未公開キャラクターのため台詞無し。のんびりとした美容師。男性の客が不自然に多いとか,,3
401,f242,結髪 日向+,ユイガミ ヒナタ,female,149,ペリドット,未公開キャラクターのため台詞無し。ぼんやりとした性格とは裏腹に、千刃の鋏による攻撃は怒涛,,4
402,none,[双心]青蓮院 尊,ショウレンイン タケル,male,74,ラピラズリ,未公開キャラクターのため台詞無し。心を囚われた兄と、かつて失われた力を想う。声は今は遠い,,5
403,none,[双心]青蓮院 尊+,ショウレンイン タケル,male,74,ラピラズリ,未公開キャラクターのため台詞無し。兄と対決し、兄を救うと心に決め、真の力を得た姿。迷いはもう無い,,6
404,f267,[操魂]四涼 礼子,シリョウ レイコ,female,142,ファントムクォーツ,未公開キャラクターのため台詞無し。化け物も、霊魂も、人間も、とにかく面倒なのでネットに興じる毎日,,3
405,f268,[操魂]四涼 礼子+,シリョウ レイコ,female,142,ファントムクォーツ,未公開キャラクターのため台詞無し。見え方が違う？一枚の心霊写真を見て彼女は笑う。今は自分が怖くない,,4
406,f221,[永劫]神楽 蒼子,カグラ ソウシ,male,72,ラピラズリ,未公開キャラクターのため台詞無し。死ぬ事ばかりを考えていた、永遠のおさなご。今は好奇が彼を動かす,,5
407,f222,[永劫]神楽 蒼子+,カグラ ソウシ,male,72,ラピラズリ,未公開キャラクターのため台詞無し。生きる事を選んだ時に、最期は訪れるのか。しかし、後悔は無い,,6
408,none,四方 楓,シホウ カエデ,female,150,ルビー,未公開キャラクターのため台詞無し。肉と石より依り合わせて、暴力だけを体現するために生まれた少女,,3
409,none,四方 楓+,シホウ カエデ,female,150,ルビー,未公開キャラクターのため台詞無し。石が囁く。抗い生き続けろと。だが声は届かず、銃砲は死を撒き散らす,,4
410,f199,パープルヘッド,パープルヘッド,none,151,none,BOSSキャラクターのため台詞無し。,,3
411,f200,トライポッドパーピュア,トライポッドパーピュア,none,152,none,BOSSキャラクターのため台詞無し。,,3
412,f201,ニムバスタワー,ニムバスタワー,none,153,none,BOSSキャラクターのため台詞無し。,,3
413,f187,フレイムファクス,フレイムファクス,none,154,none,BOSSキャラクターのため台詞無し。,,3
414,f188,ブラッドファクス,ブラッドファクス,none,155,none,BOSSキャラクターのため台詞無し。,,3
415,f189,ギルティファクス,ギルティファクス,none,156,none,BOSSキャラクターのため台詞無し。,,3
416,f202,暴食の星喰い,ボウショクノホシグイ,none,157,none,BOSSキャラクターのため台詞無し。,,3
417,f203,卑食の星喰い,ヒショクノホシグイ,none,158,none,BOSSキャラクターのため台詞無し。,,3
418,f204,業食の星喰い,ゴウショクノホシグイ,none,159,none,BOSSキャラクターのため台詞無し。,,3
419,f196,SpeedEater,スピードイーター,none,160,none,BOSSキャラクターのため台詞無し。,,3
420,f197,SpeedDesire,スピードデザイア,none,161,none,BOSSキャラクターのため台詞無し。,,3
421,f198,SonicBreaker,ソニックブレイカー,none,162,none,BOSSキャラクターのため台詞無し。,,3
422,f184,ストーングリフォン,ストーングリフォン,none,163,none,BOSSキャラクターのため台詞無し。,,3
423,f185,カースグリフォン,カースグリフォン,none,164,none,BOSSキャラクターのため台詞無し。,,3
424,f186,カオスグリフォン,カオスグリフォン,none,165,none,BOSSキャラクターのため台詞無し。,,3
425,f193,ゴルドゴーグ,ゴルドゴーグ,none,166,none,BOSSキャラクターのため台詞無し。,,3
426,f194,ソウルゴーグ,ソウルゴーグ,none,167,none,BOSSキャラクターのため台詞無し。,,3
427,f195,ジャッジメントゴーグ,ジャッジメントゴーグ,none,168,none,BOSSキャラクターのため台詞無し。,,3
428,f207,戮,リク,male,143,エメラルド,BOSSキャラクターのため台詞無し。竜胆薫と共に監禁されていた少年、リクのなれの果ての姿,,3
429,f118,躙,リン,female,144,ダイヤモンド,BOSSキャラクターのため台詞無し。竜胆薫と共に監禁されていた少女、リンのなれの果ての姿,,3
430,f275,レヴィアタン,レヴィアタン,none,169,none,BOSSキャラクターのため台詞無し。,,3
431,f276,モビーレヴィアタン,モビーレヴィアタン,none,170,none,BOSSキャラクターのため台詞無し。,,3
432,f277,スターレヴィアタン,スターレヴィアタン,none,171,none,BOSSキャラクターのため台詞無し。,,3
433,f190,空牙,クウガ,none,172,none,BOSSキャラクターのため台詞無し。,,3
434,f191,太空牙,タイクウガ,none,173,none,BOSSキャラクターのため台詞無し。,,3
435,f192,星空牙,セイクウガ,none,174,none,BOSSキャラクターのため台詞無し。,,3
436,f181,金龍,キンリュウ,none,175,none,BOSSキャラクターのため台詞無し。,,3
437,f182,星龍,セイリュウ,none,176,none,BOSSキャラクターのため台詞無し。,,3
438,f183,神星龍,シンセイリュウ,none,177,none,BOSSキャラクターのため台詞無し。,,3
439,f269,スカイドラゴン,スカイドラゴン,none,178,none,BOSSキャラクターのため台詞無し。,,3
440,f270,オーディアルドラゴン,オーディアルドラゴン,none,179,none,BOSSキャラクターのため台詞無し。,,3
441,f271,フェイトドラゴン,フェイトドラゴン,none,180,none,BOSSキャラクターのため台詞無し。,,3
442,f272,刃の嘶き,ヤイバノイナナキ,none,181,none,BOSSキャラクターのため台詞無し。,,3
443,f273,剛刃の嘶き,ゴウジンノイナナキ,none,182,none,BOSSキャラクターのため台詞無し。,,3
444,f274,千刃の嘶き,センジンノイナナキ,none,183,none,BOSSキャラクターのため台詞無し。,,3
